station_id,timestamp,growth
DB1,8/15/00 0:00,46.9259765
DB1,9/14/00 10:30,17.60954427
DB1,10/14/00 21:00,-12.45623777
DB1,11/14/00 7:30,74.46752472
DB1,12/14/00 18:00,72.65442176
DB1,1/14/01 4:30,59.91617785
DB1,2/13/01 15:00,96.83476
DB1,3/16/01 1:30,115.1664467
DB1,4/15/01 12:00,153.774397
DB1,5/15/01 22:30,101.0443951
DB1,6/15/01 9:00,194.776217
DB1,7/15/01 19:30,148.76925
DB1,8/15/01 6:00,173.0083509
DB1,9/14/01 16:30,167.8558641
DB1,10/15/01 3:00,294.1923132
DB1,11/14/01 13:30,243.6617077
DB1,12/15/01 0:00,277.9308493
DB1,1/14/02 10:30,316.1285395
DB1,2/13/02 21:00,299.5009257
DB1,3/16/02 7:30,320.578009
DB1,4/15/02 18:00,396.0489261
DB1,5/16/02 4:30,392.8412726
DB1,6/15/02 15:00,393.9037763
DB1,7/16/02 1:30,454.5431951
DB10,8/15/00 0:00,305.0552635
DB10,9/14/00 10:30,292.7907038
DB10,10/14/00 21:00,331.5170169
DB10,11/14/00 7:30,334.6942927
DB10,12/14/00 18:00,338.9204903
DB10,1/14/01 4:30,310.2309879
DB10,2/13/01 15:00,420.7762337
DB10,3/16/01 1:30,387.73238
DB10,4/15/01 12:00,423.1797083
DB10,5/15/01 22:30,424.4344192
DB10,6/15/01 9:00,394.5029577
DB10,7/15/01 19:30,406.2078113
DB10,8/15/01 6:00,455.389117
DB10,9/14/01 16:30,498.9142657
DB10,10/15/01 3:00,505.186561
DB10,11/14/01 13:30,551.3851816
DB10,12/15/01 0:00,526.4282328
DB10,1/14/02 10:30,537.4433755
DB10,2/13/02 21:00,620.015393
DB10,3/16/02 7:30,628.8477962
DB10,4/15/02 18:00,612.7024949
DB10,5/16/02 4:30,704.1073332
DB10,6/15/02 15:00,685.1711356
DB10,7/16/02 1:30,747.4003648
DB100,8/15/00 0:00,119.6541671
DB100,9/14/00 10:30,115.1486571
DB100,10/14/00 21:00,116.0800443
DB100,11/14/00 7:30,131.1858463
DB100,12/14/00 18:00,121.6066482
DB100,1/14/01 4:30,190.8622883
DB100,2/13/01 15:00,174.9069051
DB100,3/16/01 1:30,183.7189705
DB100,4/15/01 12:00,187.2911388
DB100,5/15/01 22:30,204.2333059
DB100,6/15/01 9:00,263.389223
DB100,7/15/01 19:30,243.2908855
DB100,8/15/01 6:00,267.5275899
DB100,9/14/01 16:30,291.2092338
DB100,10/15/01 3:00,308.358787
DB100,11/14/01 13:30,277.1665133
DB100,12/15/01 0:00,343.2450514
DB100,1/14/02 10:30,369.3709916
DB100,2/13/02 21:00,369.8598625
DB100,3/16/02 7:30,423.2123932
DB100,4/15/02 18:00,413.5353267
DB100,5/16/02 4:30,422.2599502
DB100,6/15/02 15:00,479.3889735
DB100,7/16/02 1:30,423.007809
DB11,8/15/00 0:00,6.693661334
DB11,9/14/00 10:30,30.0783505
DB11,10/14/00 21:00,32.66372211
DB11,11/14/00 7:30,48.71559244
DB11,12/14/00 18:00,18.89207121
DB11,1/14/01 4:30,12.33043412
DB11,2/13/01 15:00,25.66568179
DB11,3/16/01 1:30,60.02388392
DB11,4/15/01 12:00,35.19449613
DB11,5/15/01 22:30,137.4240197
DB11,6/15/01 9:00,142.0381296
DB11,7/15/01 19:30,172.3852874
DB11,8/15/01 6:00,168.1290549
DB11,9/14/01 16:30,141.4817479
DB11,10/15/01 3:00,159.7941062
DB11,11/14/01 13:30,188.6766389
DB11,12/15/01 0:00,188.3919717
DB11,1/14/02 10:30,232.9528186
DB11,2/13/02 21:00,247.3427453
DB11,3/16/02 7:30,281.5480148
DB11,4/15/02 18:00,313.8296514
DB11,5/16/02 4:30,366.2702743
DB11,6/15/02 15:00,411.9852701
DB11,7/16/02 1:30,340.8067262
DB12,8/15/00 0:00,48.70980363
DB12,9/14/00 10:30,49.34516324
DB12,10/14/00 21:00,57.25716124
DB12,11/14/00 7:30,132.5753657
DB12,12/14/00 18:00,92.95838812
DB12,1/14/01 4:30,115.9824061
DB12,2/13/01 15:00,195.7562325
DB12,3/16/01 1:30,182.2948007
DB12,4/15/01 12:00,225.1734232
DB12,5/15/01 22:30,246.8724278
DB12,6/15/01 9:00,286.9115642
DB12,7/15/01 19:30,323.6473048
DB12,8/15/01 6:00,354.7579815
DB12,9/14/01 16:30,398.8376988
DB12,10/15/01 3:00,394.0523521
DB12,11/14/01 13:30,446.440513
DB12,12/15/01 0:00,483.4591632
DB12,1/14/02 10:30,418.9084666
DB12,2/13/02 21:00,466.3033435
DB12,3/16/02 7:30,498.9905793
DB12,4/15/02 18:00,570.2570864
DB12,5/16/02 4:30,635.8686376
DB12,6/15/02 15:00,626.8500711
DB12,7/16/02 1:30,625.7362932
DB13,8/15/00 0:00,54.76457636
DB13,9/14/00 10:30,82.89393338
DB13,10/14/00 21:00,107.0821034
DB13,11/14/00 7:30,143.6099735
DB13,12/14/00 18:00,136.0298543
DB13,1/14/01 4:30,139.2359842
DB13,2/13/01 15:00,164.0959801
DB13,3/16/01 1:30,202.3267739
DB13,4/15/01 12:00,213.016658
DB13,5/15/01 22:30,227.1327412
DB13,6/15/01 9:00,242.2912996
DB13,7/15/01 19:30,276.7366119
DB13,8/15/01 6:00,320.8978139
DB13,9/14/01 16:30,400.1796505
DB13,10/15/01 3:00,398.3123127
DB13,11/14/01 13:30,372.8877483
DB13,12/15/01 0:00,417.1302639
DB13,1/14/02 10:30,499.0340052
DB13,2/13/02 21:00,512.59174
DB13,3/16/02 7:30,610.2582297
DB13,4/15/02 18:00,596.7976936
DB13,5/16/02 4:30,586.8733515
DB13,6/15/02 15:00,625.6534996
DB13,7/16/02 1:30,638.1217041
DB14,8/15/00 0:00,78.81327185
DB14,9/14/00 10:30,98.73124796
DB14,10/14/00 21:00,110.3886907
DB14,11/14/00 7:30,151.6242526
DB14,12/14/00 18:00,106.2454806
DB14,1/14/01 4:30,186.3926278
DB14,2/13/01 15:00,130.6407829
DB14,3/16/01 1:30,215.2842636
DB14,4/15/01 12:00,213.8511696
DB14,5/15/01 22:30,220.1466916
DB14,6/15/01 9:00,236.7944973
DB14,7/15/01 19:30,250.0887806
DB14,8/15/01 6:00,297.8295623
DB14,9/14/01 16:30,306.984195
DB14,10/15/01 3:00,306.9183318
DB14,11/14/01 13:30,367.6898759
DB14,12/15/01 0:00,433.3241428
DB14,1/14/02 10:30,524.2143762
DB14,2/13/02 21:00,467.487592
DB14,3/16/02 7:30,478.3339865
DB14,4/15/02 18:00,554.1744012
DB14,5/16/02 4:30,489.4769841
DB14,6/15/02 15:00,569.4189428
DB14,7/16/02 1:30,618.60722
DB15,8/15/00 0:00,135.0784295
DB15,9/14/00 10:30,137.1184403
DB15,10/14/00 21:00,140.6102503
DB15,11/14/00 7:30,130.9223516
DB15,12/14/00 18:00,101.2235217
DB15,1/14/01 4:30,126.9533238
DB15,2/13/01 15:00,129.742334
DB15,3/16/01 1:30,178.3071144
DB15,4/15/01 12:00,234.807477
DB15,5/15/01 22:30,228.5368701
DB15,6/15/01 9:00,179.0034041
DB15,7/15/01 19:30,248.159613
DB15,8/15/01 6:00,226.9465775
DB15,9/14/01 16:30,213.5418324
DB15,10/15/01 3:00,273.0829683
DB15,11/14/01 13:30,258.368241
DB15,12/15/01 0:00,313.6303802
DB15,1/14/02 10:30,315.1722755
DB15,2/13/02 21:00,330.0465209
DB15,3/16/02 7:30,308.8390598
DB15,4/15/02 18:00,325.5843164
DB15,5/16/02 4:30,334.4091224
DB15,6/15/02 15:00,375.1249436
DB15,7/16/02 1:30,421.5167737
DB16,8/15/00 0:00,175.7458149
DB16,9/14/00 10:30,175.2811296
DB16,10/14/00 21:00,198.0981353
DB16,11/14/00 7:30,168.5900955
DB16,12/14/00 18:00,215.2985918
DB16,1/14/01 4:30,182.4794531
DB16,2/13/01 15:00,270.6998862
DB16,3/16/01 1:30,219.346359
DB16,4/15/01 12:00,246.2375132
DB16,5/15/01 22:30,288.599115
DB16,6/15/01 9:00,336.8603169
DB16,7/15/01 19:30,362.0334739
DB16,8/15/01 6:00,369.8152333
DB16,9/14/01 16:30,389.710358
DB16,10/15/01 3:00,334.5277646
DB16,11/14/01 13:30,448.3737381
DB16,12/15/01 0:00,468.0633325
DB16,1/14/02 10:30,463.0317459
DB16,2/13/02 21:00,500.4728693
DB16,3/16/02 7:30,573.9169821
DB16,4/15/02 18:00,587.9498365
DB16,5/16/02 4:30,623.6190871
DB16,6/15/02 15:00,654.4525219
DB16,7/16/02 1:30,697.7619177
DB17,8/15/00 0:00,201.2523421
DB17,9/14/00 10:30,215.0566706
DB17,10/14/00 21:00,202.2822367
DB17,11/14/00 7:30,200.4051714
DB17,12/14/00 18:00,239.1342924
DB17,1/14/01 4:30,298.7345115
DB17,2/13/01 15:00,247.0174684
DB17,3/16/01 1:30,293.6291336
DB17,4/15/01 12:00,296.0507909
DB17,5/15/01 22:30,295.5689148
DB17,6/15/01 9:00,386.7092246
DB17,7/15/01 19:30,327.2991518
DB17,8/15/01 6:00,344.5312381
DB17,9/14/01 16:30,366.5858748
DB17,10/15/01 3:00,416.8445738
DB17,11/14/01 13:30,348.466667
DB17,12/15/01 0:00,422.191283
DB17,1/14/02 10:30,510.0009163
DB17,2/13/02 21:00,530.9877694
DB17,3/16/02 7:30,511.0461384
DB17,4/15/02 18:00,550.8616085
DB17,5/16/02 4:30,583.9560978
DB17,6/15/02 15:00,585.1419835
DB17,7/16/02 1:30,679.5130708
DB18,8/15/00 0:00,178.5776743
DB18,9/14/00 10:30,222.5601037
DB18,10/14/00 21:00,175.2465437
DB18,11/14/00 7:30,183.403821
DB18,12/14/00 18:00,237.8403636
DB18,1/14/01 4:30,255.9931985
DB18,2/13/01 15:00,249.9079679
DB18,3/16/01 1:30,265.2299847
DB18,4/15/01 12:00,267.4114333
DB18,5/15/01 22:30,263.0148445
DB18,6/15/01 9:00,297.0799087
DB18,7/15/01 19:30,260.6578413
DB18,8/15/01 6:00,285.1799266
DB18,9/14/01 16:30,352.3098112
DB18,10/15/01 3:00,329.505905
DB18,11/14/01 13:30,409.4381187
DB18,12/15/01 0:00,388.9898144
DB18,1/14/02 10:30,491.6017639
DB18,2/13/02 21:00,408.8323459
DB18,3/16/02 7:30,401.5033293
DB18,4/15/02 18:00,503.3630606
DB18,5/16/02 4:30,511.7121736
DB18,6/15/02 15:00,493.8948079
DB18,7/16/02 1:30,501.8270939
DB19,8/15/00 0:00,258.7231799
DB19,9/14/00 10:30,249.7312233
DB19,10/14/00 21:00,302.0787908
DB19,11/14/00 7:30,260.6391999
DB19,12/14/00 18:00,318.7726085
DB19,1/14/01 4:30,353.9849495
DB19,2/13/01 15:00,386.123324
DB19,3/16/01 1:30,388.6477174
DB19,4/15/01 12:00,414.4437319
DB19,5/15/01 22:30,421.8636166
DB19,6/15/01 9:00,498.0526278
DB19,7/15/01 19:30,512.5442933
DB19,8/15/01 6:00,505.1022433
DB19,9/14/01 16:30,534.5959996
DB19,10/15/01 3:00,630.5159863
DB19,11/14/01 13:30,639.4384578
DB19,12/15/01 0:00,610.0803494
DB19,1/14/02 10:30,711.6492591
DB19,2/13/02 21:00,755.8218734
DB19,3/16/02 7:30,840.8162829
DB19,4/15/02 18:00,781.6855238
DB19,5/16/02 4:30,870.0350576
DB19,6/15/02 15:00,800.5760062
DB19,7/16/02 1:30,870.4655353
DB2,8/15/00 0:00,64.37065791
DB2,9/14/00 10:30,82.32621386
DB2,10/14/00 21:00,50.62813157
DB2,11/14/00 7:30,80.49880443
DB2,12/14/00 18:00,107.7087361
DB2,1/14/01 4:30,112.4586968
DB2,2/13/01 15:00,122.5962813
DB2,3/16/01 1:30,182.9672582
DB2,4/15/01 12:00,174.8690183
DB2,5/15/01 22:30,190.8593242
DB2,6/15/01 9:00,205.2691376
DB2,7/15/01 19:30,236.3626935
DB2,8/15/01 6:00,226.6577795
DB2,9/14/01 16:30,306.6474447
DB2,10/15/01 3:00,288.9689297
DB2,11/14/01 13:30,268.9760045
DB2,12/15/01 0:00,346.3190622
DB2,1/14/02 10:30,308.5255969
DB2,2/13/02 21:00,321.6301374
DB2,3/16/02 7:30,378.114136
DB2,4/15/02 18:00,443.0908503
DB2,5/16/02 4:30,425.5587237
DB2,6/15/02 15:00,480.5579345
DB2,7/16/02 1:30,486.2442218
DB20,8/15/00 0:00,260.9711895
DB20,9/14/00 10:30,291.0301607
DB20,10/14/00 21:00,272.2704473
DB20,11/14/00 7:30,274.8735282
DB20,12/14/00 18:00,272.7577053
DB20,1/14/01 4:30,281.2214644
DB20,2/13/01 15:00,312.3582003
DB20,3/16/01 1:30,359.960964
DB20,4/15/01 12:00,292.8541582
DB20,5/15/01 22:30,315.3909585
DB20,6/15/01 9:00,391.5488533
DB20,7/15/01 19:30,400.3596805
DB20,8/15/01 6:00,439.5302624
DB20,9/14/01 16:30,393.964003
DB20,10/15/01 3:00,404.7291561
DB20,11/14/01 13:30,424.3001091
DB20,12/15/01 0:00,453.5861959
DB20,1/14/02 10:30,435.0469612
DB20,2/13/02 21:00,556.5476252
DB20,3/16/02 7:30,521.4336954
DB20,4/15/02 18:00,546.123433
DB20,5/16/02 4:30,574.6179586
DB20,6/15/02 15:00,590.3207658
DB20,7/16/02 1:30,567.2879122
DB21,8/15/00 0:00,-63.01627446
DB21,9/14/00 10:30,21.11362482
DB21,10/14/00 21:00,36.38259691
DB21,11/14/00 7:30,25.06483656
DB21,12/14/00 18:00,83.09535371
DB21,1/14/01 4:30,77.63862972
DB21,2/13/01 15:00,87.8894342
DB21,3/16/01 1:30,79.65388616
DB21,4/15/01 12:00,108.9550296
DB21,5/15/01 22:30,150.4752635
DB21,6/15/01 9:00,176.5048019
DB21,7/15/01 19:30,196.663455
DB21,8/15/01 6:00,171.2789024
DB21,9/14/01 16:30,258.4713986
DB21,10/15/01 3:00,250.6262118
DB21,11/14/01 13:30,280.8847693
DB21,12/15/01 0:00,296.5344716
DB21,1/14/02 10:30,364.7759532
DB21,2/13/02 21:00,330.1081942
DB21,3/16/02 7:30,400.6487408
DB21,4/15/02 18:00,444.5251604
DB21,5/16/02 4:30,431.5689542
DB21,6/15/02 15:00,511.7812905
DB21,7/16/02 1:30,509.9696642
DB22,8/15/00 0:00,10.99134618
DB22,9/14/00 10:30,-43.57145857
DB22,10/14/00 21:00,1.102154831
DB22,11/14/00 7:30,-22.32133017
DB22,12/14/00 18:00,-24.58932004
DB22,1/14/01 4:30,11.12796757
DB22,2/13/01 15:00,-15.22529096
DB22,3/16/01 1:30,67.08641704
DB22,4/15/01 12:00,37.82049306
DB22,5/15/01 22:30,60.0540177
DB22,6/15/01 9:00,88.2412356
DB22,7/15/01 19:30,33.80843811
DB22,8/15/01 6:00,59.2796634
DB22,9/14/01 16:30,107.4056223
DB22,10/15/01 3:00,97.08665822
DB22,11/14/01 13:30,145.0214838
DB22,12/15/01 0:00,105.5404557
DB22,1/14/02 10:30,171.3803753
DB22,2/13/02 21:00,231.6355558
DB22,3/16/02 7:30,150.7612396
DB22,4/15/02 18:00,172.3563668
DB22,5/16/02 4:30,191.2869566
DB22,6/15/02 15:00,245.3235735
DB22,7/16/02 1:30,188.8012399
DB23,8/15/00 0:00,34.54345745
DB23,9/14/00 10:30,48.81058438
DB23,10/14/00 21:00,41.73790968
DB23,11/14/00 7:30,70.86053814
DB23,12/14/00 18:00,39.53207726
DB23,1/14/01 4:30,121.9270589
DB23,2/13/01 15:00,125.6350037
DB23,3/16/01 1:30,103.7218921
DB23,4/15/01 12:00,94.06658016
DB23,5/15/01 22:30,143.8443951
DB23,6/15/01 9:00,177.3097172
DB23,7/15/01 19:30,167.1074992
DB23,8/15/01 6:00,147.8963707
DB23,9/14/01 16:30,176.7528022
DB23,10/15/01 3:00,263.6305132
DB23,11/14/01 13:30,262.2686985
DB23,12/15/01 0:00,280.4987224
DB23,1/14/02 10:30,332.5889065
DB23,2/13/02 21:00,314.3554071
DB23,3/16/02 7:30,299.8427709
DB23,4/15/02 18:00,373.1615057
DB23,5/16/02 4:30,456.3264278
DB23,6/15/02 15:00,356.7021267
DB23,7/16/02 1:30,419.4819331
DB24,8/15/00 0:00,84.86202897
DB24,9/14/00 10:30,83.66460087
DB24,10/14/00 21:00,70.53357378
DB24,11/14/00 7:30,126.8601188
DB24,12/14/00 18:00,97.52825134
DB24,1/14/01 4:30,147.2533952
DB24,2/13/01 15:00,206.5922108
DB24,3/16/01 1:30,242.459953
DB24,4/15/01 12:00,241.5672184
DB24,5/15/01 22:30,234.2733889
DB24,6/15/01 9:00,277.6863657
DB24,7/15/01 19:30,299.4289369
DB24,8/15/01 6:00,339.2940494
DB24,9/14/01 16:30,325.9967335
DB24,10/15/01 3:00,364.7870443
DB24,11/14/01 13:30,403.0202497
DB24,12/15/01 0:00,387.0800702
DB24,1/14/02 10:30,495.079713
DB24,2/13/02 21:00,485.8672693
DB24,3/16/02 7:30,528.1594573
DB24,4/15/02 18:00,552.0723854
DB24,5/16/02 4:30,557.6620457
DB24,6/15/02 15:00,595.4479739
DB24,7/16/02 1:30,676.3474034
DB25,8/15/00 0:00,82.45896162
DB25,9/14/00 10:30,69.77762124
DB25,10/14/00 21:00,112.2318652
DB25,11/14/00 7:30,106.5343526
DB25,12/14/00 18:00,157.9978368
DB25,1/14/01 4:30,153.5594438
DB25,2/13/01 15:00,170.2795964
DB25,3/16/01 1:30,119.3707547
DB25,4/15/01 12:00,250.0073943
DB25,5/15/01 22:30,208.2441986
DB25,6/15/01 9:00,235.8463941
DB25,7/15/01 19:30,249.4458606
DB25,8/15/01 6:00,230.780547
DB25,9/14/01 16:30,277.3136557
DB25,10/15/01 3:00,266.8752666
DB25,11/14/01 13:30,294.0531085
DB25,12/15/01 0:00,314.0299134
DB25,1/14/02 10:30,322.6858921
DB25,2/13/02 21:00,372.0753607
DB25,3/16/02 7:30,405.4327867
DB25,4/15/02 18:00,437.6204068
DB25,5/16/02 4:30,489.2515321
DB25,6/15/02 15:00,451.992387
DB25,7/16/02 1:30,471.5416459
DB26,8/15/00 0:00,148.8389646
DB26,9/14/00 10:30,119.844718
DB26,10/14/00 21:00,163.1291302
DB26,11/14/00 7:30,127.1246617
DB26,12/14/00 18:00,205.2965243
DB26,1/14/01 4:30,192.4242636
DB26,2/13/01 15:00,185.7600092
DB26,3/16/01 1:30,238.4811316
DB26,4/15/01 12:00,236.7367545
DB26,5/15/01 22:30,280.4254319
DB26,6/15/01 9:00,284.3190026
DB26,7/15/01 19:30,314.2740998
DB26,8/15/01 6:00,307.4091074
DB26,9/14/01 16:30,322.3950732
DB26,10/15/01 3:00,422.1358818
DB26,11/14/01 13:30,421.8644014
DB26,12/15/01 0:00,454.4085331
DB26,1/14/02 10:30,420.3835814
DB26,2/13/02 21:00,463.195256
DB26,3/16/02 7:30,439.7636467
DB26,4/15/02 18:00,575.212397
DB26,5/16/02 4:30,563.9019066
DB26,6/15/02 15:00,574.4838197
DB26,7/16/02 1:30,638.353751
DB27,8/15/00 0:00,180.4524632
DB27,9/14/00 10:30,170.806858
DB27,10/14/00 21:00,233.4049958
DB27,11/14/00 7:30,248.2425568
DB27,12/14/00 18:00,226.6733799
DB27,1/14/01 4:30,238.4569758
DB27,2/13/01 15:00,297.8276349
DB27,3/16/01 1:30,276.5619588
DB27,4/15/01 12:00,289.8100992
DB27,5/15/01 22:30,306.9581705
DB27,6/15/01 9:00,389.4922301
DB27,7/15/01 19:30,407.4251982
DB27,8/15/01 6:00,358.6963739
DB27,9/14/01 16:30,448.4001845
DB27,10/15/01 3:00,513.1047414
DB27,11/14/01 13:30,477.0134912
DB27,12/15/01 0:00,533.1252725
DB27,1/14/02 10:30,555.2825017
DB27,2/13/02 21:00,571.5156448
DB27,3/16/02 7:30,619.5995646
DB27,4/15/02 18:00,612.0068048
DB27,5/16/02 4:30,662.8695344
DB27,6/15/02 15:00,651.6499329
DB27,7/16/02 1:30,701.8896533
DB28,8/15/00 0:00,182.2949161
DB28,9/14/00 10:30,228.9727253
DB28,10/14/00 21:00,273.0665152
DB28,11/14/00 7:30,223.480927
DB28,12/14/00 18:00,322.090824
DB28,1/14/01 4:30,272.794098
DB28,2/13/01 15:00,323.2513804
DB28,3/16/01 1:30,297.2417395
DB28,4/15/01 12:00,315.9785397
DB28,5/15/01 22:30,326.5476108
DB28,6/15/01 9:00,381.0316244
DB28,7/15/01 19:30,432.8075642
DB28,8/15/01 6:00,393.6067945
DB28,9/14/01 16:30,430.1200056
DB28,10/15/01 3:00,484.8375398
DB28,11/14/01 13:30,491.6585866
DB28,12/15/01 0:00,552.6521864
DB28,1/14/02 10:30,544.6642077
DB28,2/13/02 21:00,557.4378923
DB28,3/16/02 7:30,656.9912913
DB28,4/15/02 18:00,611.6877497
DB28,5/16/02 4:30,676.9987115
DB28,6/15/02 15:00,690.9279486
DB28,7/16/02 1:30,677.8895401
DB29,8/15/00 0:00,212.8519748
DB29,9/14/00 10:30,259.8553629
DB29,10/14/00 21:00,212.1711839
DB29,11/14/00 7:30,322.7643291
DB29,12/14/00 18:00,319.2790955
DB29,1/14/01 4:30,353.5317461
DB29,2/13/01 15:00,356.5669862
DB29,3/16/01 1:30,359.0563148
DB29,4/15/01 12:00,423.3092083
DB29,5/15/01 22:30,423.8638041
DB29,6/15/01 9:00,411.2863133
DB29,7/15/01 19:30,529.1197626
DB29,8/15/01 6:00,549.9300944
DB29,9/14/01 16:30,563.3355468
DB29,10/15/01 3:00,530.3286669
DB29,11/14/01 13:30,594.2013657
DB29,12/15/01 0:00,596.2578452
DB29,1/14/02 10:30,666.6158368
DB29,2/13/02 21:00,685.2768852
DB29,3/16/02 7:30,720.360448
DB29,4/15/02 18:00,761.7265699
DB29,5/16/02 4:30,787.0033363
DB29,6/15/02 15:00,848.1443308
DB29,7/16/02 1:30,851.8919395
DB3,8/15/00 0:00,32.25458356
DB3,9/14/00 10:30,60.13988911
DB3,10/14/00 21:00,72.4734512
DB3,11/14/00 7:30,63.33781664
DB3,12/14/00 18:00,99.42382035
DB3,1/14/01 4:30,109.1385892
DB3,2/13/01 15:00,88.1628645
DB3,3/16/01 1:30,170.7587907
DB3,4/15/01 12:00,126.9959604
DB3,5/15/01 22:30,127.6235651
DB3,6/15/01 9:00,93.85644607
DB3,7/15/01 19:30,155.028176
DB3,8/15/01 6:00,198.5463318
DB3,9/14/01 16:30,174.2484589
DB3,10/15/01 3:00,164.7177075
DB3,11/14/01 13:30,200.0293902
DB3,12/15/01 0:00,271.7784426
DB3,1/14/02 10:30,206.2915349
DB3,2/13/02 21:00,249.9711877
DB3,3/16/02 7:30,247.3442155
DB3,4/15/02 18:00,338.1781654
DB3,5/16/02 4:30,305.7920727
DB3,6/15/02 15:00,418.672282
DB3,7/16/02 1:30,405.6516235
DB30,8/15/00 0:00,266.3997538
DB30,9/14/00 10:30,221.99145
DB30,10/14/00 21:00,278.203487
DB30,11/14/00 7:30,247.82946
DB30,12/14/00 18:00,260.9171533
DB30,1/14/01 4:30,296.5327805
DB30,2/13/01 15:00,320.9979356
DB30,3/16/01 1:30,301.2434667
DB30,4/15/01 12:00,299.13431
DB30,5/15/01 22:30,311.738836
DB30,6/15/01 9:00,378.8633456
DB30,7/15/01 19:30,357.4811264
DB30,8/15/01 6:00,341.12009
DB30,9/14/01 16:30,392.2728855
DB30,10/15/01 3:00,321.0381466
DB30,11/14/01 13:30,336.1899625
DB30,12/15/01 0:00,442.4859846
DB30,1/14/02 10:30,448.0970898
DB30,2/13/02 21:00,465.5042498
DB30,3/16/02 7:30,463.7291002
DB30,4/15/02 18:00,523.2847569
DB30,5/16/02 4:30,489.9020391
DB30,6/15/02 15:00,551.4012235
DB30,7/16/02 1:30,563.7698222
DB31,8/15/00 0:00,-33.31081413
DB31,9/14/00 10:30,30.13392994
DB31,10/14/00 21:00,-30.27535497
DB31,11/14/00 7:30,26.27021791
DB31,12/14/00 18:00,8.364521773
DB31,1/14/01 4:30,27.23848329
DB31,2/13/01 15:00,84.33920531
DB31,3/16/01 1:30,89.18796928
DB31,4/15/01 12:00,112.9880677
DB31,5/15/01 22:30,136.4210094
DB31,6/15/01 9:00,146.5513557
DB31,7/15/01 19:30,158.3350483
DB31,8/15/01 6:00,135.7346731
DB31,9/14/01 16:30,188.7485038
DB31,10/15/01 3:00,261.8189553
DB31,11/14/01 13:30,255.4015289
DB31,12/15/01 0:00,226.6765617
DB31,1/14/02 10:30,341.7727052
DB31,2/13/02 21:00,322.252628
DB31,3/16/02 7:30,421.4195262
DB31,4/15/02 18:00,454.8036955
DB31,5/16/02 4:30,383.3863264
DB31,6/15/02 15:00,468.5572629
DB31,7/16/02 1:30,503.7484647
DB32,8/15/00 0:00,-5.943057161
DB32,9/14/00 10:30,13.9084506
DB32,10/14/00 21:00,57.16841034
DB32,11/14/00 7:30,-25.77996029
DB32,12/14/00 18:00,37.8471656
DB32,1/14/01 4:30,-19.82149705
DB32,2/13/01 15:00,5.351651378
DB32,3/16/01 1:30,28.30167585
DB32,4/15/01 12:00,67.35654708
DB32,5/15/01 22:30,48.15305271
DB32,6/15/01 9:00,57.14054926
DB32,7/15/01 19:30,47.40554573
DB32,8/15/01 6:00,49.32586672
DB32,9/14/01 16:30,125.1965094
DB32,10/15/01 3:00,83.66041543
DB32,11/14/01 13:30,117.5079916
DB32,12/15/01 0:00,195.0119574
DB32,1/14/02 10:30,185.6076169
DB32,2/13/02 21:00,137.3782671
DB32,3/16/02 7:30,218.3587732
DB32,4/15/02 18:00,241.3520698
DB32,5/16/02 4:30,234.5945287
DB32,6/15/02 15:00,285.4067463
DB32,7/16/02 1:30,245.5869391
DB33,8/15/00 0:00,51.75461888
DB33,9/14/00 10:30,52.14130161
DB33,10/14/00 21:00,-6.069567359
DB33,11/14/00 7:30,68.78705116
DB33,12/14/00 18:00,10.41815458
DB33,1/14/01 4:30,54.93348999
DB33,2/13/01 15:00,19.62118081
DB33,3/16/01 1:30,8.047662929
DB33,4/15/01 12:00,41.1278564
DB33,5/15/01 22:30,70.47432677
DB33,6/15/01 9:00,104.4073358
DB33,7/15/01 19:30,103.1185274
DB33,8/15/01 6:00,98.94957982
DB33,9/14/01 16:30,152.6939791
DB33,10/15/01 3:00,183.1318488
DB33,11/14/01 13:30,141.9512292
DB33,12/15/01 0:00,148.7836577
DB33,1/14/02 10:30,152.328974
DB33,2/13/02 21:00,216.8129525
DB33,3/16/02 7:30,212.2821167
DB33,4/15/02 18:00,263.4811324
DB33,5/16/02 4:30,210.2097233
DB33,6/15/02 15:00,305.739786
DB33,7/16/02 1:30,268.254946
DB34,8/15/00 0:00,108.2945103
DB34,9/14/00 10:30,82.85536283
DB34,10/14/00 21:00,60.78510562
DB34,11/14/00 7:30,76.91907248
DB34,12/14/00 18:00,115.5651625
DB34,1/14/01 4:30,121.7187011
DB34,2/13/01 15:00,146.5753064
DB34,3/16/01 1:30,184.8129126
DB34,4/15/01 12:00,186.0772216
DB34,5/15/01 22:30,199.7235887
DB34,6/15/01 9:00,182.9501645
DB34,7/15/01 19:30,252.4621536
DB34,8/15/01 6:00,236.8549076
DB34,9/14/01 16:30,221.8137617
DB34,10/15/01 3:00,246.5380951
DB34,11/14/01 13:30,321.6048918
DB34,12/15/01 0:00,366.2194628
DB34,1/14/02 10:30,356.0363835
DB34,2/13/02 21:00,423.6198796
DB34,3/16/02 7:30,378.0967344
DB34,4/15/02 18:00,381.0320282
DB34,5/16/02 4:30,474.1918617
DB34,6/15/02 15:00,504.7547409
DB34,7/16/02 1:30,509.7082598
DB35,8/15/00 0:00,96.50848031
DB35,9/14/00 10:30,59.33997025
DB35,10/14/00 21:00,98.61186093
DB35,11/14/00 7:30,108.5498555
DB35,12/14/00 18:00,103.6468203
DB35,1/14/01 4:30,123.1399334
DB35,2/13/01 15:00,111.3602696
DB35,3/16/01 1:30,123.8018383
DB35,4/15/01 12:00,169.2578515
DB35,5/15/01 22:30,137.7821952
DB35,6/15/01 9:00,145.9281829
DB35,7/15/01 19:30,119.6237911
DB35,8/15/01 6:00,174.7395366
DB35,9/14/01 16:30,141.4295956
DB35,10/15/01 3:00,252.9748224
DB35,11/14/01 13:30,225.8978669
DB35,12/15/01 0:00,246.629295
DB35,1/14/02 10:30,234.2066505
DB35,2/13/02 21:00,268.9427176
DB35,3/16/02 7:30,320.8201266
DB35,4/15/02 18:00,333.2199778
DB35,5/16/02 4:30,340.7826234
DB35,6/15/02 15:00,277.5145813
DB35,7/16/02 1:30,357.1825855
DB36,8/15/00 0:00,127.3400395
DB36,9/14/00 10:30,140.5706593
DB36,10/14/00 21:00,117.1158939
DB36,11/14/00 7:30,152.0663975
DB36,12/14/00 18:00,158.8751493
DB36,1/14/01 4:30,105.7900133
DB36,2/13/01 15:00,147.8023167
DB36,3/16/01 1:30,185.2980318
DB36,4/15/01 12:00,178.7797022
DB36,5/15/01 22:30,225.9470826
DB36,6/15/01 9:00,178.1869213
DB36,7/15/01 19:30,213.1533796
DB36,8/15/01 6:00,240.0409806
DB36,9/14/01 16:30,251.3919746
DB36,10/15/01 3:00,253.6112648
DB36,11/14/01 13:30,253.5560175
DB36,12/15/01 0:00,323.2404584
DB36,1/14/02 10:30,343.9157448
DB36,2/13/02 21:00,373.0125491
DB36,3/16/02 7:30,373.080357
DB36,4/15/02 18:00,369.6844174
DB36,5/16/02 4:30,431.0722764
DB36,6/15/02 15:00,423.2254678
DB36,7/16/02 1:30,442.5437066
DB37,8/15/00 0:00,133.3938574
DB37,9/14/00 10:30,134.9055795
DB37,10/14/00 21:00,199.4454147
DB37,11/14/00 7:30,149.6839722
DB37,12/14/00 18:00,171.6185538
DB37,1/14/01 4:30,197.1749339
DB37,2/13/01 15:00,176.1489267
DB37,3/16/01 1:30,261.5210622
DB37,4/15/01 12:00,241.8388286
DB37,5/15/01 22:30,237.5150258
DB37,6/15/01 9:00,314.5840569
DB37,7/15/01 19:30,290.5778623
DB37,8/15/01 6:00,276.0534496
DB37,9/14/01 16:30,346.8085627
DB37,10/15/01 3:00,336.2058326
DB37,11/14/01 13:30,398.0566876
DB37,12/15/01 0:00,400.0175121
DB37,1/14/02 10:30,356.044325
DB37,2/13/02 21:00,412.9352786
DB37,3/16/02 7:30,439.1787317
DB37,4/15/02 18:00,491.7140429
DB37,5/16/02 4:30,492.878282
DB37,6/15/02 15:00,561.9953005
DB37,7/16/02 1:30,559.2786886
DB38,8/15/00 0:00,187.7294902
DB38,9/14/00 10:30,194.7599077
DB38,10/14/00 21:00,200.8964078
DB38,11/14/00 7:30,204.3651375
DB38,12/14/00 18:00,242.4695521
DB38,1/14/01 4:30,221.315539
DB38,2/13/01 15:00,297.648867
DB38,3/16/01 1:30,320.817797
DB38,4/15/01 12:00,325.2476939
DB38,5/15/01 22:30,358.1271972
DB38,6/15/01 9:00,355.8170949
DB38,7/15/01 19:30,411.5831353
DB38,8/15/01 6:00,398.2455274
DB38,9/14/01 16:30,493.9100856
DB38,10/15/01 3:00,462.4116536
DB38,11/14/01 13:30,535.4344952
DB38,12/15/01 0:00,499.061822
DB38,1/14/02 10:30,598.9085598
DB38,2/13/02 21:00,572.0461319
DB38,3/16/02 7:30,625.7856249
DB38,4/15/02 18:00,613.7494494
DB38,5/16/02 4:30,696.8819393
DB38,6/15/02 15:00,745.7040314
DB38,7/16/02 1:30,767.3229837
DB39,8/15/00 0:00,228.1932199
DB39,9/14/00 10:30,242.0030455
DB39,10/14/00 21:00,249.9328153
DB39,11/14/00 7:30,279.4779455
DB39,12/14/00 18:00,284.8500839
DB39,1/14/01 4:30,329.3602076
DB39,2/13/01 15:00,350.6448096
DB39,3/16/01 1:30,339.8460686
DB39,4/15/01 12:00,388.1183485
DB39,5/15/01 22:30,394.8404722
DB39,6/15/01 9:00,447.0015334
DB39,7/15/01 19:30,458.9108843
DB39,8/15/01 6:00,463.3981661
DB39,9/14/01 16:30,475.525709
DB39,10/15/01 3:00,521.6924609
DB39,11/14/01 13:30,586.0019115
DB39,12/15/01 0:00,651.8034416
DB39,1/14/02 10:30,629.8109013
DB39,2/13/02 21:00,757.7487771
DB39,3/16/02 7:30,748.0043853
DB39,4/15/02 18:00,775.4068247
DB39,5/16/02 4:30,762.3981473
DB39,6/15/02 15:00,841.8771013
DB39,7/16/02 1:30,872.3086302
DB4,8/15/00 0:00,112.4799526
DB4,9/14/00 10:30,131.9756584
DB4,10/14/00 21:00,90.75679888
DB4,11/14/00 7:30,138.2697968
DB4,12/14/00 18:00,208.5126624
DB4,1/14/01 4:30,221.9623316
DB4,2/13/01 15:00,245.8907738
DB4,3/16/01 1:30,289.5548574
DB4,4/15/01 12:00,302.4833975
DB4,5/15/01 22:30,336.7183552
DB4,6/15/01 9:00,338.1369971
DB4,7/15/01 19:30,411.6116519
DB4,8/15/01 6:00,430.6269407
DB4,9/14/01 16:30,471.4418582
DB4,10/15/01 3:00,537.5789989
DB4,11/14/01 13:30,504.9997098
DB4,12/15/01 0:00,510.5030299
DB4,1/14/02 10:30,567.4340891
DB4,2/13/02 21:00,663.8079045
DB4,3/16/02 7:30,579.5859074
DB4,4/15/02 18:00,683.801507
DB4,5/16/02 4:30,730.563185
DB4,6/15/02 15:00,779.3743643
DB4,7/16/02 1:30,857.0662774
DB40,8/15/00 0:00,257.9435124
DB40,9/14/00 10:30,237.6132721
DB40,10/14/00 21:00,315.4007233
DB40,11/14/00 7:30,286.5108468
DB40,12/14/00 18:00,300.3835838
DB40,1/14/01 4:30,327.0275941
DB40,2/13/01 15:00,286.4062743
DB40,3/16/01 1:30,311.2832764
DB40,4/15/01 12:00,333.5908183
DB40,5/15/01 22:30,407.4973468
DB40,6/15/01 9:00,305.3390159
DB40,7/15/01 19:30,368.2324528
DB40,8/15/01 6:00,401.7372526
DB40,9/14/01 16:30,415.1186067
DB40,10/15/01 3:00,468.5002184
DB40,11/14/01 13:30,426.3984035
DB40,12/15/01 0:00,505.8993675
DB40,1/14/02 10:30,535.2689797
DB40,2/13/02 21:00,466.8496321
DB40,3/16/02 7:30,577.5199764
DB40,4/15/02 18:00,540.2250697
DB40,5/16/02 4:30,550.5640497
DB40,6/15/02 15:00,627.9395748
DB40,7/16/02 1:30,636.6825408
DB41,8/15/00 0:00,-12.28012837
DB41,9/14/00 10:30,-10.60306594
DB41,10/14/00 21:00,32.14319209
DB41,11/14/00 7:30,-25.65527588
DB41,12/14/00 18:00,-4.598769782
DB41,1/14/01 4:30,-24.78352022
DB41,2/13/01 15:00,72.39626465
DB41,3/16/01 1:30,49.14607329
DB41,4/15/01 12:00,130.998826
DB41,5/15/01 22:30,97.08927919
DB41,6/15/01 9:00,146.4089197
DB41,7/15/01 19:30,181.8394108
DB41,8/15/01 6:00,162.3400771
DB41,9/14/01 16:30,221.7371525
DB41,10/15/01 3:00,238.1619994
DB41,11/14/01 13:30,229.5667831
DB41,12/15/01 0:00,310.9065724
DB41,1/14/02 10:30,339.0143999
DB41,2/13/02 21:00,339.5020127
DB41,3/16/02 7:30,342.4772008
DB41,4/15/02 18:00,372.0918185
DB41,5/16/02 4:30,415.5097061
DB41,6/15/02 15:00,439.7063347
DB41,7/16/02 1:30,449.66433
DB42,8/15/00 0:00,-98.31684794
DB42,9/14/00 10:30,-44.73092563
DB42,10/14/00 21:00,22.09617309
DB42,11/14/00 7:30,-27.31753328
DB42,12/14/00 18:00,-14.1996244
DB42,1/14/01 4:30,1.841885172
DB42,2/13/01 15:00,18.21161526
DB42,3/16/01 1:30,14.52925622
DB42,4/15/01 12:00,-26.38613724
DB42,5/15/01 22:30,73.61192946
DB42,6/15/01 9:00,83.48523891
DB42,7/15/01 19:30,65.62695341
DB42,8/15/01 6:00,105.053297
DB42,9/14/01 16:30,77.07759362
DB42,10/15/01 3:00,149.4478151
DB42,11/14/01 13:30,127.2795145
DB42,12/15/01 0:00,140.8673743
DB42,1/14/02 10:30,165.4149868
DB42,2/13/02 21:00,186.5304245
DB42,3/16/02 7:30,196.9747015
DB42,4/15/02 18:00,253.4926637
DB42,5/16/02 4:30,257.5859307
DB42,6/15/02 15:00,287.6837059
DB42,7/16/02 1:30,288.8438745
DB43,8/15/00 0:00,-0.236525363
DB43,9/14/00 10:30,-21.46040068
DB43,10/14/00 21:00,-6.490161787
DB43,11/14/00 7:30,6.590949063
DB43,12/14/00 18:00,52.93474803
DB43,1/14/01 4:30,17.71592909
DB43,2/13/01 15:00,8.375754968
DB43,3/16/01 1:30,99.40734623
DB43,4/15/01 12:00,61.56608632
DB43,5/15/01 22:30,60.95465919
DB43,6/15/01 9:00,112.0864501
DB43,7/15/01 19:30,104.4308657
DB43,8/15/01 6:00,101.4197821
DB43,9/14/01 16:30,142.7382731
DB43,10/15/01 3:00,204.6066892
DB43,11/14/01 13:30,122.9269929
DB43,12/15/01 0:00,177.5836145
DB43,1/14/02 10:30,170.6478888
DB43,2/13/02 21:00,176.7244678
DB43,3/16/02 7:30,251.9494391
DB43,4/15/02 18:00,271.438006
DB43,5/16/02 4:30,277.2768319
DB43,6/15/02 15:00,332.079697
DB43,7/16/02 1:30,355.8201065
DB44,8/15/00 0:00,53.34137948
DB44,9/14/00 10:30,32.74367025
DB44,10/14/00 21:00,39.8461582
DB44,11/14/00 7:30,95.64509641
DB44,12/14/00 18:00,156.98083
DB44,1/14/01 4:30,140.0855125
DB44,2/13/01 15:00,175.5288094
DB44,3/16/01 1:30,177.903736
DB44,4/15/01 12:00,215.85265
DB44,5/15/01 22:30,266.8062294
DB44,6/15/01 9:00,270.4258323
DB44,7/15/01 19:30,341.9910204
DB44,8/15/01 6:00,334.6661367
DB44,9/14/01 16:30,345.1506795
DB44,10/15/01 3:00,381.7377367
DB44,11/14/01 13:30,416.0999211
DB44,12/15/01 0:00,417.3852564
DB44,1/14/02 10:30,455.8187999
DB44,2/13/02 21:00,503.4212773
DB44,3/16/02 7:30,518.5601591
DB44,4/15/02 18:00,572.8969149
DB44,5/16/02 4:30,600.4719311
DB44,6/15/02 15:00,642.2513459
DB44,7/16/02 1:30,640.1945162
DB45,8/15/00 0:00,61.04214806
DB45,9/14/00 10:30,36.58163862
DB45,10/14/00 21:00,65.21933348
DB45,11/14/00 7:30,105.2346219
DB45,12/14/00 18:00,86.9922245
DB45,1/14/01 4:30,132.9507347
DB45,2/13/01 15:00,131.7309533
DB45,3/16/01 1:30,119.9095824
DB45,4/15/01 12:00,150.7791363
DB45,5/15/01 22:30,214.6630961
DB45,6/15/01 9:00,189.4845645
DB45,7/15/01 19:30,205.283105
DB45,8/15/01 6:00,200.6793588
DB45,9/14/01 16:30,253.8622296
DB45,10/15/01 3:00,303.5987015
DB45,11/14/01 13:30,263.4348032
DB45,12/15/01 0:00,275.3994058
DB45,1/14/02 10:30,283.947608
DB45,2/13/02 21:00,346.8874428
DB45,3/16/02 7:30,385.3083946
DB45,4/15/02 18:00,427.6638858
DB45,5/16/02 4:30,375.0214846
DB45,6/15/02 15:00,470.2196566
DB45,7/16/02 1:30,470.6761502
DB46,8/15/00 0:00,104.7821301
DB46,9/14/00 10:30,138.5812039
DB46,10/14/00 21:00,109.1630626
DB46,11/14/00 7:30,90.56739919
DB46,12/14/00 18:00,122.3279929
DB46,1/14/01 4:30,122.9631154
DB46,2/13/01 15:00,116.858263
DB46,3/16/01 1:30,169.3085374
DB46,4/15/01 12:00,136.6962925
DB46,5/15/01 22:30,158.0131927
DB46,6/15/01 9:00,192.2197718
DB46,7/15/01 19:30,158.9485467
DB46,8/15/01 6:00,263.8149414
DB46,9/14/01 16:30,220.1022411
DB46,10/15/01 3:00,217.0315014
DB46,11/14/01 13:30,277.2198546
DB46,12/15/01 0:00,296.9514326
DB46,1/14/02 10:30,333.4892472
DB46,2/13/02 21:00,286.5009929
DB46,3/16/02 7:30,335.360517
DB46,4/15/02 18:00,277.1413982
DB46,5/16/02 4:30,376.3383604
DB46,6/15/02 15:00,403.6286899
DB46,7/16/02 1:30,422.3429607
DB47,8/15/00 0:00,139.8253662
DB47,9/14/00 10:30,170.0028033
DB47,10/14/00 21:00,168.3054767
DB47,11/14/00 7:30,173.2847625
DB47,12/14/00 18:00,190.052252
DB47,1/14/01 4:30,198.9587176
DB47,2/13/01 15:00,165.8896316
DB47,3/16/01 1:30,216.102537
DB47,4/15/01 12:00,244.682425
DB47,5/15/01 22:30,274.9047708
DB47,6/15/01 9:00,260.8717942
DB47,7/15/01 19:30,328.3493918
DB47,8/15/01 6:00,325.1440349
DB47,9/14/01 16:30,356.5153984
DB47,10/15/01 3:00,348.4210071
DB47,11/14/01 13:30,413.7577941
DB47,12/15/01 0:00,324.560482
DB47,1/14/02 10:30,399.511543
DB47,2/13/02 21:00,421.7082998
DB47,3/16/02 7:30,534.5827425
DB47,4/15/02 18:00,496.6031389
DB47,5/16/02 4:30,558.6980469
DB47,6/15/02 15:00,560.772338
DB47,7/16/02 1:30,607.8245512
DB48,8/15/00 0:00,127.473214
DB48,9/14/00 10:30,164.4757917
DB48,10/14/00 21:00,185.2131353
DB48,11/14/00 7:30,132.738931
DB48,12/14/00 18:00,186.1680385
DB48,1/14/01 4:30,181.6781243
DB48,2/13/01 15:00,171.7859199
DB48,3/16/01 1:30,187.4642921
DB48,4/15/01 12:00,155.9663423
DB48,5/15/01 22:30,187.1393274
DB48,6/15/01 9:00,219.3708525
DB48,7/15/01 19:30,202.0551732
DB48,8/15/01 6:00,195.7543684
DB48,9/14/01 16:30,215.1789194
DB48,10/15/01 3:00,247.702309
DB48,11/14/01 13:30,220.0394142
DB48,12/15/01 0:00,253.4347538
DB48,1/14/02 10:30,291.6919789
DB48,2/13/02 21:00,295.9370828
DB48,3/16/02 7:30,353.964501
DB48,4/15/02 18:00,319.2212113
DB48,5/16/02 4:30,273.1803617
DB48,6/15/02 15:00,369.7723413
DB48,7/16/02 1:30,348.3772927
DB49,8/15/00 0:00,146.7072467
DB49,9/14/00 10:30,213.0567354
DB49,10/14/00 21:00,187.8338121
DB49,11/14/00 7:30,175.4017405
DB49,12/14/00 18:00,241.1695808
DB49,1/14/01 4:30,200.4373103
DB49,2/13/01 15:00,255.3857094
DB49,3/16/01 1:30,221.9482273
DB49,4/15/01 12:00,264.4030745
DB49,5/15/01 22:30,292.4863704
DB49,6/15/01 9:00,347.3657075
DB49,7/15/01 19:30,407.2816798
DB49,8/15/01 6:00,367.1677903
DB49,9/14/01 16:30,380.4187269
DB49,10/15/01 3:00,440.5615341
DB49,11/14/01 13:30,404.353857
DB49,12/15/01 0:00,451.1410174
DB49,1/14/02 10:30,447.5063475
DB49,2/13/02 21:00,571.1996568
DB49,3/16/02 7:30,521.1860318
DB49,4/15/02 18:00,533.9661335
DB49,5/16/02 4:30,562.1815368
DB49,6/15/02 15:00,545.520667
DB49,7/16/02 1:30,668.2729871
DB5,8/15/00 0:00,170.0087912
DB5,9/14/00 10:30,109.7595956
DB5,10/14/00 21:00,114.5923247
DB5,11/14/00 7:30,164.5067281
DB5,12/14/00 18:00,127.2672048
DB5,1/14/01 4:30,138.9972173
DB5,2/13/01 15:00,186.4201375
DB5,3/16/01 1:30,138.3538983
DB5,4/15/01 12:00,167.1261564
DB5,5/15/01 22:30,170.5894813
DB5,6/15/01 9:00,198.5177463
DB5,7/15/01 19:30,195.9178853
DB5,8/15/01 6:00,194.4758867
DB5,9/14/01 16:30,206.5004985
DB5,10/15/01 3:00,200.1634395
DB5,11/14/01 13:30,234.2130455
DB5,12/15/01 0:00,224.0494136
DB5,1/14/02 10:30,292.9143986
DB5,2/13/02 21:00,248.4796326
DB5,3/16/02 7:30,301.8598077
DB5,4/15/02 18:00,260.419908
DB5,5/16/02 4:30,350.7497583
DB5,6/15/02 15:00,321.3322219
DB5,7/16/02 1:30,319.8439688
DB50,8/15/00 0:00,212.8316308
DB50,9/14/00 10:30,180.2274174
DB50,10/14/00 21:00,257.9233041
DB50,11/14/00 7:30,205.658515
DB50,12/14/00 18:00,221.7861109
DB50,1/14/01 4:30,296.3183269
DB50,2/13/01 15:00,328.1263227
DB50,3/16/01 1:30,290.5471805
DB50,4/15/01 12:00,326.2746079
DB50,5/15/01 22:30,396.8474671
DB50,6/15/01 9:00,363.8610453
DB50,7/15/01 19:30,327.6899454
DB50,8/15/01 6:00,405.3154161
DB50,9/14/01 16:30,426.4711281
DB50,10/15/01 3:00,497.6535229
DB50,11/14/01 13:30,463.1341275
DB50,12/15/01 0:00,463.9635882
DB50,1/14/02 10:30,479.6271736
DB50,2/13/02 21:00,564.9683573
DB50,3/16/02 7:30,593.8885353
DB50,4/15/02 18:00,626.5512779
DB50,5/16/02 4:30,602.0771392
DB50,6/15/02 15:00,622.3193362
DB50,7/16/02 1:30,728.5044504
DB51,8/15/00 0:00,-42.49294311
DB51,9/14/00 10:30,-100.8586848
DB51,10/14/00 21:00,-41.5168103
DB51,11/14/00 7:30,-39.3866877
DB51,12/14/00 18:00,13.03044326
DB51,1/14/01 4:30,32.73715774
DB51,2/13/01 15:00,61.30931037
DB51,3/16/01 1:30,49.34447927
DB51,4/15/01 12:00,112.5257675
DB51,5/15/01 22:30,99.14055586
DB51,6/15/01 9:00,112.0579076
DB51,7/15/01 19:30,218.9048382
DB51,8/15/01 6:00,229.4184671
DB51,9/14/01 16:30,205.8173107
DB51,10/15/01 3:00,252.0623095
DB51,11/14/01 13:30,265.4927387
DB51,12/15/01 0:00,296.3727462
DB51,1/14/02 10:30,350.5925366
DB51,2/13/02 21:00,412.4793097
DB51,3/16/02 7:30,416.9554745
DB51,4/15/02 18:00,383.1916177
DB51,5/16/02 4:30,495.0222677
DB51,6/15/02 15:00,496.1083321
DB51,7/16/02 1:30,508.7741769
DB52,8/15/00 0:00,-70.90845638
DB52,9/14/00 10:30,-84.49566505
DB52,10/14/00 21:00,-62.26674853
DB52,11/14/00 7:30,-64.37584652
DB52,12/14/00 18:00,-54.3126867
DB52,1/14/01 4:30,-30.88191418
DB52,2/13/01 15:00,-38.85855413
DB52,3/16/01 1:30,10.06610876
DB52,4/15/01 12:00,47.45355504
DB52,5/15/01 22:30,-15.43740206
DB52,6/15/01 9:00,38.24047781
DB52,7/15/01 19:30,85.59507472
DB52,8/15/01 6:00,35.25031464
DB52,9/14/01 16:30,77.08047903
DB52,10/15/01 3:00,101.4221806
DB52,11/14/01 13:30,112.9062151
DB52,12/15/01 0:00,132.4593339
DB52,1/14/02 10:30,151.2080115
DB52,2/13/02 21:00,186.6817457
DB52,3/16/02 7:30,172.9552831
DB52,4/15/02 18:00,187.253364
DB52,5/16/02 4:30,279.5749614
DB52,6/15/02 15:00,255.388805
DB52,7/16/02 1:30,298.6412014
DB53,8/15/00 0:00,-52.01223536
DB53,9/14/00 10:30,-27.49505587
DB53,10/14/00 21:00,-12.72275254
DB53,11/14/00 7:30,-9.31923063
DB53,12/14/00 18:00,24.27731149
DB53,1/14/01 4:30,-26.02975738
DB53,2/13/01 15:00,48.401854
DB53,3/16/01 1:30,37.59369171
DB53,4/15/01 12:00,56.2874203
DB53,5/15/01 22:30,114.126141
DB53,6/15/01 9:00,157.2121189
DB53,7/15/01 19:30,98.9161194
DB53,8/15/01 6:00,90.16047563
DB53,9/14/01 16:30,117.5113986
DB53,10/15/01 3:00,176.9885159
DB53,11/14/01 13:30,155.6505863
DB53,12/15/01 0:00,143.4625952
DB53,1/14/02 10:30,176.9030667
DB53,2/13/02 21:00,278.6348194
DB53,3/16/02 7:30,252.9491016
DB53,4/15/02 18:00,302.8694657
DB53,5/16/02 4:30,274.9837625
DB53,6/15/02 15:00,354.8315754
DB53,7/16/02 1:30,425.8261011
DB54,8/15/00 0:00,-24.69475935
DB54,9/14/00 10:30,-14.36824951
DB54,10/14/00 21:00,-10.43147331
DB54,11/14/00 7:30,11.70666715
DB54,12/14/00 18:00,28.72903498
DB54,1/14/01 4:30,22.12492122
DB54,2/13/01 15:00,31.37699009
DB54,3/16/01 1:30,30.09834297
DB54,4/15/01 12:00,10.85157834
DB54,5/15/01 22:30,-6.527238679
DB54,6/15/01 9:00,112.1045649
DB54,7/15/01 19:30,58.51754255
DB54,8/15/01 6:00,69.26690171
DB54,9/14/01 16:30,138.2120444
DB54,10/15/01 3:00,136.7433925
DB54,11/14/01 13:30,151.552754
DB54,12/15/01 0:00,155.2056985
DB54,1/14/02 10:30,140.1456566
DB54,2/13/02 21:00,118.9966497
DB54,3/16/02 7:30,153.1887245
DB54,4/15/02 18:00,233.0565279
DB54,5/16/02 4:30,173.6230964
DB54,6/15/02 15:00,256.4857231
DB54,7/16/02 1:30,343.5565258
DB55,8/15/00 0:00,53.43865851
DB55,9/14/00 10:30,35.68007749
DB55,10/14/00 21:00,58.57639694
DB55,11/14/00 7:30,27.44784771
DB55,12/14/00 18:00,88.15155894
DB55,1/14/01 4:30,61.50231442
DB55,2/13/01 15:00,94.8994378
DB55,3/16/01 1:30,105.0340984
DB55,4/15/01 12:00,74.283856
DB55,5/15/01 22:30,72.76088805
DB55,6/15/01 9:00,89.80863292
DB55,7/15/01 19:30,85.81427553
DB55,8/15/01 6:00,96.22784984
DB55,9/14/01 16:30,114.3064167
DB55,10/15/01 3:00,129.9987814
DB55,11/14/01 13:30,193.2680727
DB55,12/15/01 0:00,177.3998703
DB55,1/14/02 10:30,217.6667921
DB55,2/13/02 21:00,152.1963797
DB55,3/16/02 7:30,238.8620337
DB55,4/15/02 18:00,269.2544383
DB55,5/16/02 4:30,221.690223
DB55,6/15/02 15:00,257.5720371
DB55,7/16/02 1:30,310.2579138
DB56,8/15/00 0:00,34.74382135
DB56,9/14/00 10:30,68.98591418
DB56,10/14/00 21:00,63.52256684
DB56,11/14/00 7:30,57.61914521
DB56,12/14/00 18:00,86.67667745
DB56,1/14/01 4:30,123.117377
DB56,2/13/01 15:00,51.67947858
DB56,3/16/01 1:30,45.97918523
DB56,4/15/01 12:00,93.49336308
DB56,5/15/01 22:30,113.4730526
DB56,6/15/01 9:00,83.31722697
DB56,7/15/01 19:30,134.1857801
DB56,8/15/01 6:00,169.8227485
DB56,9/14/01 16:30,144.997893
DB56,10/15/01 3:00,133.0660914
DB56,11/14/01 13:30,169.5808342
DB56,12/15/01 0:00,199.3580288
DB56,1/14/02 10:30,211.3586378
DB56,2/13/02 21:00,262.481812
DB56,3/16/02 7:30,232.5927779
DB56,4/15/02 18:00,241.4821037
DB56,5/16/02 4:30,248.5381611
DB56,6/15/02 15:00,309.2241302
DB56,7/16/02 1:30,333.6187028
DB57,8/15/00 0:00,91.73146915
DB57,9/14/00 10:30,133.0634113
DB57,10/14/00 21:00,119.8792381
DB57,11/14/00 7:30,132.1800517
DB57,12/14/00 18:00,163.6146743
DB57,1/14/01 4:30,183.8336978
DB57,2/13/01 15:00,226.5187157
DB57,3/16/01 1:30,208.603225
DB57,4/15/01 12:00,228.4654583
DB57,5/15/01 22:30,272.4533887
DB57,6/15/01 9:00,249.0084997
DB57,7/15/01 19:30,251.2431466
DB57,8/15/01 6:00,326.640873
DB57,9/14/01 16:30,329.6826478
DB57,10/15/01 3:00,351.5014541
DB57,11/14/01 13:30,403.0959418
DB57,12/15/01 0:00,461.0680459
DB57,1/14/02 10:30,405.4221744
DB57,2/13/02 21:00,567.6116329
DB57,3/16/02 7:30,504.4082357
DB57,4/15/02 18:00,525.4031057
DB57,5/16/02 4:30,627.9478844
DB57,6/15/02 15:00,530.7582714
DB57,7/16/02 1:30,631.4474187
DB58,8/15/00 0:00,131.8422555
DB58,9/14/00 10:30,138.2545435
DB58,10/14/00 21:00,188.1373775
DB58,11/14/00 7:30,203.3890303
DB58,12/14/00 18:00,196.8163896
DB58,1/14/01 4:30,242.509094
DB58,2/13/01 15:00,230.7540138
DB58,3/16/01 1:30,279.7631015
DB58,4/15/01 12:00,312.5084078
DB58,5/15/01 22:30,307.122495
DB58,6/15/01 9:00,324.6147878
DB58,7/15/01 19:30,432.4764316
DB58,8/15/01 6:00,350.7834014
DB58,9/14/01 16:30,444.8693846
DB58,10/15/01 3:00,395.6986739
DB58,11/14/01 13:30,480.0586585
DB58,12/15/01 0:00,520.4932841
DB58,1/14/02 10:30,587.4797798
DB58,2/13/02 21:00,596.952965
DB58,3/16/02 7:30,586.525402
DB58,4/15/02 18:00,607.0013861
DB58,5/16/02 4:30,635.3220493
DB58,6/15/02 15:00,655.6177502
DB58,7/16/02 1:30,776.777643
DB59,8/15/00 0:00,173.8810067
DB59,9/14/00 10:30,190.4825085
DB59,10/14/00 21:00,203.9626983
DB59,11/14/00 7:30,243.0486967
DB59,12/14/00 18:00,225.2895178
DB59,1/14/01 4:30,216.2281738
DB59,2/13/01 15:00,286.8534355
DB59,3/16/01 1:30,277.6815147
DB59,4/15/01 12:00,298.8219421
DB59,5/15/01 22:30,280.6074147
DB59,6/15/01 9:00,315.7065863
DB59,7/15/01 19:30,348.8001933
DB59,8/15/01 6:00,336.175005
DB59,9/14/01 16:30,366.249627
DB59,10/15/01 3:00,403.1471555
DB59,11/14/01 13:30,433.1060957
DB59,12/15/01 0:00,396.3561504
DB59,1/14/02 10:30,415.2944506
DB59,2/13/02 21:00,531.1412858
DB59,3/16/02 7:30,547.123947
DB59,4/15/02 18:00,655.4545726
DB59,5/16/02 4:30,635.2081512
DB59,6/15/02 15:00,578.5856169
DB59,7/16/02 1:30,633.692755
DB6,8/15/00 0:00,175.2556932
DB6,9/14/00 10:30,187.1896939
DB6,10/14/00 21:00,207.2409154
DB6,11/14/00 7:30,153.0919208
DB6,12/14/00 18:00,287.5602369
DB6,1/14/01 4:30,230.646572
DB6,2/13/01 15:00,315.9990241
DB6,3/16/01 1:30,319.4244641
DB6,4/15/01 12:00,287.5995747
DB6,5/15/01 22:30,369.8700825
DB6,6/15/01 9:00,381.8655356
DB6,7/15/01 19:30,391.0525925
DB6,8/15/01 6:00,402.7041735
DB6,9/14/01 16:30,409.3855808
DB6,10/15/01 3:00,424.3450872
DB6,11/14/01 13:30,472.5335963
DB6,12/15/01 0:00,518.6449891
DB6,1/14/02 10:30,524.5407176
DB6,2/13/02 21:00,574.8966694
DB6,3/16/02 7:30,604.9320513
DB6,4/15/02 18:00,642.8984631
DB6,5/16/02 4:30,689.0800758
DB6,6/15/02 15:00,670.7268029
DB6,7/16/02 1:30,693.8905669
DB60,8/15/00 0:00,191.9818351
DB60,9/14/00 10:30,184.3576834
DB60,10/14/00 21:00,184.1399079
DB60,11/14/00 7:30,202.0554813
DB60,12/14/00 18:00,205.7268835
DB60,1/14/01 4:30,225.8120795
DB60,2/13/01 15:00,165.3926427
DB60,3/16/01 1:30,204.4568847
DB60,4/15/01 12:00,248.0829674
DB60,5/15/01 22:30,224.0275962
DB60,6/15/01 9:00,220.6733431
DB60,7/15/01 19:30,254.8966558
DB60,8/15/01 6:00,246.4088269
DB60,9/14/01 16:30,237.1174816
DB60,10/15/01 3:00,292.3507416
DB60,11/14/01 13:30,293.7679769
DB60,12/15/01 0:00,279.0475359
DB60,1/14/02 10:30,318.0991837
DB60,2/13/02 21:00,388.4126954
DB60,3/16/02 7:30,337.0464994
DB60,4/15/02 18:00,378.1670785
DB60,5/16/02 4:30,348.1940491
DB60,6/15/02 15:00,394.8540413
DB60,7/16/02 1:30,443.6305086
DB61,8/15/00 0:00,-125.9837853
DB61,9/14/00 10:30,-61.43105027
DB61,10/14/00 21:00,-45.7381093
DB61,11/14/00 7:30,-73.11857873
DB61,12/14/00 18:00,-0.57943582
DB61,1/14/01 4:30,36.39321721
DB61,2/13/01 15:00,22.95188061
DB61,3/16/01 1:30,19.2480009
DB61,4/15/01 12:00,70.41044327
DB61,5/15/01 22:30,102.637015
DB61,6/15/01 9:00,167.7770305
DB61,7/15/01 19:30,168.420589
DB61,8/15/01 6:00,159.7858104
DB61,9/14/01 16:30,233.0534742
DB61,10/15/01 3:00,202.2610323
DB61,11/14/01 13:30,218.3241693
DB61,12/15/01 0:00,268.6885575
DB61,1/14/02 10:30,304.9850821
DB61,2/13/02 21:00,373.8467478
DB61,3/16/02 7:30,405.5249546
DB61,4/15/02 18:00,438.1433714
DB61,5/16/02 4:30,449.5485707
DB61,6/15/02 15:00,476.5484428
DB61,7/16/02 1:30,505.0348553
DB62,8/15/00 0:00,-82.68276745
DB62,9/14/00 10:30,-25.2113024
DB62,10/14/00 21:00,-55.55928031
DB62,11/14/00 7:30,-56.88639845
DB62,12/14/00 18:00,-15.91276156
DB62,1/14/01 4:30,50.48329246
DB62,2/13/01 15:00,21.07953849
DB62,3/16/01 1:30,66.68214461
DB62,4/15/01 12:00,38.70942078
DB62,5/15/01 22:30,106.0627135
DB62,6/15/01 9:00,110.9467763
DB62,7/15/01 19:30,176.108742
DB62,8/15/01 6:00,149.0348381
DB62,9/14/01 16:30,177.74227
DB62,10/15/01 3:00,184.6638922
DB62,11/14/01 13:30,267.6694482
DB62,12/15/01 0:00,252.4450004
DB62,1/14/02 10:30,299.7161519
DB62,2/13/02 21:00,332.3269869
DB62,3/16/02 7:30,430.1192104
DB62,4/15/02 18:00,365.1097799
DB62,5/16/02 4:30,341.7400502
DB62,6/15/02 15:00,441.4301693
DB62,7/16/02 1:30,477.909761
DB63,8/15/00 0:00,-18.79125298
DB63,9/14/00 10:30,28.02100566
DB63,10/14/00 21:00,14.40734322
DB63,11/14/00 7:30,50.42506629
DB63,12/14/00 18:00,44.1489843
DB63,1/14/01 4:30,69.29630054
DB63,2/13/01 15:00,117.9298787
DB63,3/16/01 1:30,80.11150716
DB63,4/15/01 12:00,208.8024213
DB63,5/15/01 22:30,143.4480843
DB63,6/15/01 9:00,242.6316135
DB63,7/15/01 19:30,281.7139123
DB63,8/15/01 6:00,284.1496835
DB63,9/14/01 16:30,317.8214231
DB63,10/15/01 3:00,321.2625181
DB63,11/14/01 13:30,371.4571127
DB63,12/15/01 0:00,466.0615685
DB63,1/14/02 10:30,463.8048131
DB63,2/13/02 21:00,506.0115846
DB63,3/16/02 7:30,534.5650782
DB63,4/15/02 18:00,558.7234285
DB63,5/16/02 4:30,546.106613
DB63,6/15/02 15:00,603.1234579
DB63,7/16/02 1:30,656.3297154
DB64,8/15/00 0:00,35.44274156
DB64,9/14/00 10:30,-42.22490843
DB64,10/14/00 21:00,14.53474284
DB64,11/14/00 7:30,75.42105194
DB64,12/14/00 18:00,49.38724674
DB64,1/14/01 4:30,98.75945356
DB64,2/13/01 15:00,48.36684468
DB64,3/16/01 1:30,147.3382979
DB64,4/15/01 12:00,157.3050923
DB64,5/15/01 22:30,199.9015017
DB64,6/15/01 9:00,207.7695319
DB64,7/15/01 19:30,236.9261986
DB64,8/15/01 6:00,241.9009025
DB64,9/14/01 16:30,300.8202979
DB64,10/15/01 3:00,350.6824904
DB64,11/14/01 13:30,339.3185874
DB64,12/15/01 0:00,382.1498442
DB64,1/14/02 10:30,347.5432138
DB64,2/13/02 21:00,439.8958178
DB64,3/16/02 7:30,489.9949069
DB64,4/15/02 18:00,530.9640518
DB64,5/16/02 4:30,528.1808431
DB64,6/15/02 15:00,612.9079285
DB64,7/16/02 1:30,597.0525233
DB65,8/15/00 0:00,56.797845
DB65,9/14/00 10:30,13.57790174
DB65,10/14/00 21:00,14.52543083
DB65,11/14/00 7:30,16.64337892
DB65,12/14/00 18:00,3.607040126
DB65,1/14/01 4:30,-0.906648688
DB65,2/13/01 15:00,62.80639275
DB65,3/16/01 1:30,32.7406169
DB65,4/15/01 12:00,111.6944066
DB65,5/15/01 22:30,53.60181057
DB65,6/15/01 9:00,93.91294569
DB65,7/15/01 19:30,73.17074694
DB65,8/15/01 6:00,113.2870794
DB65,9/14/01 16:30,122.1957076
DB65,10/15/01 3:00,117.4330569
DB65,11/14/01 13:30,151.8134853
DB65,12/15/01 0:00,204.9983159
DB65,1/14/02 10:30,217.6276619
DB65,2/13/02 21:00,174.9963911
DB65,3/16/02 7:30,227.4019479
DB65,4/15/02 18:00,223.0819661
DB65,5/16/02 4:30,262.7657624
DB65,6/15/02 15:00,230.9492459
DB65,7/16/02 1:30,336.8678545
DB66,8/15/00 0:00,41.50590635
DB66,9/14/00 10:30,44.85664614
DB66,10/14/00 21:00,109.6318536
DB66,11/14/00 7:30,106.6417286
DB66,12/14/00 18:00,69.81949221
DB66,1/14/01 4:30,58.2858741
DB66,2/13/01 15:00,113.4194618
DB66,3/16/01 1:30,89.22632431
DB66,4/15/01 12:00,130.2361505
DB66,5/15/01 22:30,103.6749648
DB66,6/15/01 9:00,101.9141405
DB66,7/15/01 19:30,173.8570081
DB66,8/15/01 6:00,146.8792693
DB66,9/14/01 16:30,149.3369671
DB66,10/15/01 3:00,172.8175831
DB66,11/14/01 13:30,243.2151448
DB66,12/15/01 0:00,209.5663895
DB66,1/14/02 10:30,267.1449756
DB66,2/13/02 21:00,266.2819241
DB66,3/16/02 7:30,222.3951494
DB66,4/15/02 18:00,313.3514505
DB66,5/16/02 4:30,342.9859719
DB66,6/15/02 15:00,351.1620648
DB66,7/16/02 1:30,330.9178242
DB67,8/15/00 0:00,135.1850911
DB67,9/14/00 10:30,121.3412042
DB67,10/14/00 21:00,95.95690104
DB67,11/14/00 7:30,110.3219636
DB67,12/14/00 18:00,158.571035
DB67,1/14/01 4:30,190.0591465
DB67,2/13/01 15:00,152.4641695
DB67,3/16/01 1:30,193.4104643
DB67,4/15/01 12:00,211.3221421
DB67,5/15/01 22:30,225.3327522
DB67,6/15/01 9:00,244.5769356
DB67,7/15/01 19:30,255.96946
DB67,8/15/01 6:00,256.9892689
DB67,9/14/01 16:30,302.9819304
DB67,10/15/01 3:00,325.0397615
DB67,11/14/01 13:30,364.9461717
DB67,12/15/01 0:00,432.2840111
DB67,1/14/02 10:30,385.0768134
DB67,2/13/02 21:00,429.4322658
DB67,3/16/02 7:30,525.2173467
DB67,4/15/02 18:00,465.7660419
DB67,5/16/02 4:30,498.8254572
DB67,6/15/02 15:00,514.3651166
DB67,7/16/02 1:30,557.9378043
DB68,8/15/00 0:00,97.45230288
DB68,9/14/00 10:30,124.1556957
DB68,10/14/00 21:00,125.3598059
DB68,11/14/00 7:30,147.4451576
DB68,12/14/00 18:00,137.1679139
DB68,1/14/01 4:30,120.3581284
DB68,2/13/01 15:00,197.8843691
DB68,3/16/01 1:30,193.1963969
DB68,4/15/01 12:00,162.3663612
DB68,5/15/01 22:30,194.051455
DB68,6/15/01 9:00,235.9597778
DB68,7/15/01 19:30,252.7047942
DB68,8/15/01 6:00,227.3944956
DB68,9/14/01 16:30,298.5648416
DB68,10/15/01 3:00,289.9501085
DB68,11/14/01 13:30,337.8205395
DB68,12/15/01 0:00,337.6194732
DB68,1/14/02 10:30,331.2742025
DB68,2/13/02 21:00,298.0363823
DB68,3/16/02 7:30,423.9282331
DB68,4/15/02 18:00,434.9294746
DB68,5/16/02 4:30,425.5935838
DB68,6/15/02 15:00,481.7643199
DB68,7/16/02 1:30,457.7552436
DB69,8/15/00 0:00,123.2845894
DB69,9/14/00 10:30,167.1394736
DB69,10/14/00 21:00,164.9359162
DB69,11/14/00 7:30,165.1742605
DB69,12/14/00 18:00,154.5341802
DB69,1/14/01 4:30,150.4643179
DB69,2/13/01 15:00,145.6740199
DB69,3/16/01 1:30,159.3952143
DB69,4/15/01 12:00,213.7038721
DB69,5/15/01 22:30,198.0400562
DB69,6/15/01 9:00,195.3851583
DB69,7/15/01 19:30,202.6215689
DB69,8/15/01 6:00,177.6888473
DB69,9/14/01 16:30,212.3173568
DB69,10/15/01 3:00,265.7274247
DB69,11/14/01 13:30,265.3192902
DB69,12/15/01 0:00,273.5879851
DB69,1/14/02 10:30,326.1826085
DB69,2/13/02 21:00,365.1725109
DB69,3/16/02 7:30,361.8541732
DB69,4/15/02 18:00,425.0382801
DB69,5/16/02 4:30,379.978181
DB69,6/15/02 15:00,393.3722515
DB69,7/16/02 1:30,458.409984
DB7,8/15/00 0:00,223.4471583
DB7,9/14/00 10:30,232.1787781
DB7,10/14/00 21:00,245.2822425
DB7,11/14/00 7:30,264.3189245
DB7,12/14/00 18:00,314.4482189
DB7,1/14/01 4:30,301.0416699
DB7,2/13/01 15:00,288.5851872
DB7,3/16/01 1:30,363.4545696
DB7,4/15/01 12:00,399.001214
DB7,5/15/01 22:30,396.6118683
DB7,6/15/01 9:00,397.7830986
DB7,7/15/01 19:30,378.9985217
DB7,8/15/01 6:00,443.1365037
DB7,9/14/01 16:30,477.4950168
DB7,10/15/01 3:00,526.0823091
DB7,11/14/01 13:30,491.3098207
DB7,12/15/01 0:00,619.6890783
DB7,1/14/02 10:30,598.124464
DB7,2/13/02 21:00,647.7527119
DB7,3/16/02 7:30,634.8703001
DB7,4/15/02 18:00,720.5842744
DB7,5/16/02 4:30,760.0680232
DB7,6/15/02 15:00,767.8452174
DB7,7/16/02 1:30,812.408905
DB70,8/15/00 0:00,169.2955442
DB70,9/14/00 10:30,121.999867
DB70,10/14/00 21:00,230.9522052
DB70,11/14/00 7:30,206.1933448
DB70,12/14/00 18:00,196.9376876
DB70,1/14/01 4:30,218.0584305
DB70,2/13/01 15:00,248.0632463
DB70,3/16/01 1:30,298.888534
DB70,4/15/01 12:00,228.4699905
DB70,5/15/01 22:30,330.6832839
DB70,6/15/01 9:00,250.8738534
DB70,7/15/01 19:30,315.477436
DB70,8/15/01 6:00,335.9693433
DB70,9/14/01 16:30,302.881022
DB70,10/15/01 3:00,354.0412749
DB70,11/14/01 13:30,378.2606116
DB70,12/15/01 0:00,418.3184618
DB70,1/14/02 10:30,372.4179258
DB70,2/13/02 21:00,461.414296
DB70,3/16/02 7:30,472.1210447
DB70,4/15/02 18:00,520.8002337
DB70,5/16/02 4:30,527.2084377
DB70,6/15/02 15:00,588.7667942
DB70,7/16/02 1:30,584.1397548
DB71,8/15/00 0:00,-136.9901583
DB71,9/14/00 10:30,-99.27499143
DB71,10/14/00 21:00,-98.25329218
DB71,11/14/00 7:30,-51.04190129
DB71,12/14/00 18:00,-71.89124046
DB71,1/14/01 4:30,-48.76467816
DB71,2/13/01 15:00,-25.32913155
DB71,3/16/01 1:30,-32.03104973
DB71,4/15/01 12:00,-59.22178781
DB71,5/15/01 22:30,-14.95525816
DB71,6/15/01 9:00,37.09203546
DB71,7/15/01 19:30,3.771318421
DB71,8/15/01 6:00,98.45962243
DB71,9/14/01 16:30,84.56778318
DB71,10/15/01 3:00,65.34575948
DB71,11/14/01 13:30,90.64917215
DB71,12/15/01 0:00,181.5708075
DB71,1/14/02 10:30,177.2802973
DB71,2/13/02 21:00,227.6360788
DB71,3/16/02 7:30,180.4091965
DB71,4/15/02 18:00,261.3925079
DB71,5/16/02 4:30,194.4211227
DB71,6/15/02 15:00,268.384884
DB71,7/16/02 1:30,306.1424636
DB72,8/15/00 0:00,-71.51411956
DB72,9/14/00 10:30,-95.07189861
DB72,10/14/00 21:00,-81.89034475
DB72,11/14/00 7:30,-10.43699458
DB72,12/14/00 18:00,-64.84712392
DB72,1/14/01 4:30,-3.690711874
DB72,2/13/01 15:00,-43.75838761
DB72,3/16/01 1:30,56.83135934
DB72,4/15/01 12:00,22.2950321
DB72,5/15/01 22:30,13.65456672
DB72,6/15/01 9:00,39.78125532
DB72,7/15/01 19:30,63.68961533
DB72,8/15/01 6:00,73.87230146
DB72,9/14/01 16:30,71.18379166
DB72,10/15/01 3:00,138.3107991
DB72,11/14/01 13:30,139.691211
DB72,12/15/01 0:00,135.7510585
DB72,1/14/02 10:30,219.0925459
DB72,2/13/02 21:00,237.6647005
DB72,3/16/02 7:30,198.4650571
DB72,4/15/02 18:00,233.0244516
DB72,5/16/02 4:30,234.7143004
DB72,6/15/02 15:00,324.1225771
DB72,7/16/02 1:30,340.7838346
DB73,8/15/00 0:00,-38.82120559
DB73,9/14/00 10:30,-34.90586597
DB73,10/14/00 21:00,-42.96803815
DB73,11/14/00 7:30,-50.17776037
DB73,12/14/00 18:00,-0.347818371
DB73,1/14/01 4:30,-0.056845837
DB73,2/13/01 15:00,48.79289691
DB73,3/16/01 1:30,55.81759703
DB73,4/15/01 12:00,84.62217853
DB73,5/15/01 22:30,69.69181092
DB73,6/15/01 9:00,68.70034674
DB73,7/15/01 19:30,102.7361194
DB73,8/15/01 6:00,109.936509
DB73,9/14/01 16:30,102.2239921
DB73,10/15/01 3:00,193.8648899
DB73,11/14/01 13:30,214.9056256
DB73,12/15/01 0:00,187.553649
DB73,1/14/02 10:30,192.9677943
DB73,2/13/02 21:00,254.3309367
DB73,3/16/02 7:30,308.2327537
DB73,4/15/02 18:00,296.7478649
DB73,5/16/02 4:30,297.9177308
DB73,6/15/02 15:00,361.8800419
DB73,7/16/02 1:30,345.6588566
DB74,8/15/00 0:00,22.93059045
DB74,9/14/00 10:30,-8.228736554
DB74,10/14/00 21:00,41.29527293
DB74,11/14/00 7:30,29.27356802
DB74,12/14/00 18:00,31.01282877
DB74,1/14/01 4:30,54.87941711
DB74,2/13/01 15:00,90.81705705
DB74,3/16/01 1:30,119.9403351
DB74,4/15/01 12:00,131.3706838
DB74,5/15/01 22:30,185.6655767
DB74,6/15/01 9:00,219.2885078
DB74,7/15/01 19:30,210.9637
DB74,8/15/01 6:00,211.4426652
DB74,9/14/01 16:30,287.1870586
DB74,10/15/01 3:00,266.4772403
DB74,11/14/01 13:30,278.1475683
DB74,12/15/01 0:00,378.5943954
DB74,1/14/02 10:30,398.2070029
DB74,2/13/02 21:00,401.4522738
DB74,3/16/02 7:30,385.9184662
DB74,4/15/02 18:00,472.1083267
DB74,5/16/02 4:30,481.8982207
DB74,6/15/02 15:00,487.558767
DB74,7/16/02 1:30,558.0382309
DB75,8/15/00 0:00,-4.798579819
DB75,9/14/00 10:30,-9.093740684
DB75,10/14/00 21:00,-5.5871531
DB75,11/14/00 7:30,24.28133091
DB75,12/14/00 18:00,-5.432894536
DB75,1/14/01 4:30,22.84009075
DB75,2/13/01 15:00,15.4794117
DB75,3/16/01 1:30,79.37335856
DB75,4/15/01 12:00,-0.932723687
DB75,5/15/01 22:30,88.76339831
DB75,6/15/01 9:00,68.64610608
DB75,7/15/01 19:30,84.97168179
DB75,8/15/01 6:00,130.1263038
DB75,9/14/01 16:30,86.32577272
DB75,10/15/01 3:00,93.73973551
DB75,11/14/01 13:30,156.1508545
DB75,12/15/01 0:00,143.2062733
DB75,1/14/02 10:30,220.8926484
DB75,2/13/02 21:00,193.6774368
DB75,3/16/02 7:30,243.2366691
DB75,4/15/02 18:00,258.8466766
DB75,5/16/02 4:30,223.277512
DB75,6/15/02 15:00,210.7988466
DB75,7/16/02 1:30,268.6502469
DB76,8/15/00 0:00,67.37145289
DB76,9/14/00 10:30,15.43298738
DB76,10/14/00 21:00,30.06190003
DB76,11/14/00 7:30,75.02456855
DB76,12/14/00 18:00,32.12689177
DB76,1/14/01 4:30,55.21067304
DB76,2/13/01 15:00,83.82931482
DB76,3/16/01 1:30,96.39469911
DB76,4/15/01 12:00,85.4249412
DB76,5/15/01 22:30,111.7640392
DB76,6/15/01 9:00,171.4524036
DB76,7/15/01 19:30,244.8903872
DB76,8/15/01 6:00,177.3851311
DB76,9/14/01 16:30,182.5633625
DB76,10/15/01 3:00,261.9167983
DB76,11/14/01 13:30,260.9796079
DB76,12/15/01 0:00,355.7641929
DB76,1/14/02 10:30,278.2468822
DB76,2/13/02 21:00,337.6703762
DB76,3/16/02 7:30,429.4510821
DB76,4/15/02 18:00,392.7597266
DB76,5/16/02 4:30,318.4911391
DB76,6/15/02 15:00,417.089526
DB76,7/16/02 1:30,386.1351123
DB77,8/15/00 0:00,44.704009
DB77,9/14/00 10:30,37.95722539
DB77,10/14/00 21:00,83.01897272
DB77,11/14/00 7:30,91.47105192
DB77,12/14/00 18:00,54.46688047
DB77,1/14/01 4:30,65.99337584
DB77,2/13/01 15:00,89.72062174
DB77,3/16/01 1:30,102.5060737
DB77,4/15/01 12:00,134.1393172
DB77,5/15/01 22:30,131.1703092
DB77,6/15/01 9:00,212.4070615
DB77,7/15/01 19:30,134.0426669
DB77,8/15/01 6:00,138.1890487
DB77,9/14/01 16:30,205.6523124
DB77,10/15/01 3:00,231.4398347
DB77,11/14/01 13:30,246.9356327
DB77,12/15/01 0:00,250.517441
DB77,1/14/02 10:30,249.0875233
DB77,2/13/02 21:00,284.7320133
DB77,3/16/02 7:30,322.8323085
DB77,4/15/02 18:00,331.8840467
DB77,5/16/02 4:30,358.6580388
DB77,6/15/02 15:00,400.7500643
DB77,7/16/02 1:30,466.7648272
DB78,8/15/00 0:00,68.44749099
DB78,9/14/00 10:30,144.8533338
DB78,10/14/00 21:00,83.81051132
DB78,11/14/00 7:30,91.9814947
DB78,12/14/00 18:00,173.0770391
DB78,1/14/01 4:30,193.6647262
DB78,2/13/01 15:00,164.9735447
DB78,3/16/01 1:30,182.6419985
DB78,4/15/01 12:00,202.3609704
DB78,5/15/01 22:30,242.3945795
DB78,6/15/01 9:00,264.6356953
DB78,7/15/01 19:30,264.4777196
DB78,8/15/01 6:00,300.6140255
DB78,9/14/01 16:30,342.7486379
DB78,10/15/01 3:00,307.8320256
DB78,11/14/01 13:30,369.3702961
DB78,12/15/01 0:00,400.8627811
DB78,1/14/02 10:30,418.5942058
DB78,2/13/02 21:00,447.7865951
DB78,3/16/02 7:30,491.2157983
DB78,4/15/02 18:00,510.2897874
DB78,5/16/02 4:30,545.1135432
DB78,6/15/02 15:00,535.9311821
DB78,7/16/02 1:30,617.6464743
DB79,8/15/00 0:00,138.6601995
DB79,9/14/00 10:30,122.9221126
DB79,10/14/00 21:00,181.5665633
DB79,11/14/00 7:30,161.6855845
DB79,12/14/00 18:00,189.1013495
DB79,1/14/01 4:30,215.6307458
DB79,2/13/01 15:00,204.4565732
DB79,3/16/01 1:30,249.7523378
DB79,4/15/01 12:00,182.4547491
DB79,5/15/01 22:30,197.4235206
DB79,6/15/01 9:00,308.2086887
DB79,7/15/01 19:30,279.8864511
DB79,8/15/01 6:00,312.6429549
DB79,9/14/01 16:30,288.92335
DB79,10/15/01 3:00,417.0710601
DB79,11/14/01 13:30,426.3939371
DB79,12/15/01 0:00,405.2101486
DB79,1/14/02 10:30,428.1437473
DB79,2/13/02 21:00,476.0512805
DB79,3/16/02 7:30,515.8016641
DB79,4/15/02 18:00,497.5623045
DB79,5/16/02 4:30,582.3810536
DB79,6/15/02 15:00,516.2966948
DB79,7/16/02 1:30,694.1270449
DB8,8/15/00 0:00,204.7394135
DB8,9/14/00 10:30,227.6315388
DB8,10/14/00 21:00,210.9652863
DB8,11/14/00 7:30,226.404095
DB8,12/14/00 18:00,231.8842229
DB8,1/14/01 4:30,237.5426483
DB8,2/13/01 15:00,255.9376982
DB8,3/16/01 1:30,272.6081755
DB8,4/15/01 12:00,213.0703885
DB8,5/15/01 22:30,243.291934
DB8,6/15/01 9:00,306.7332993
DB8,7/15/01 19:30,300.4184188
DB8,8/15/01 6:00,260.802625
DB8,9/14/01 16:30,336.6465957
DB8,10/15/01 3:00,264.0469219
DB8,11/14/01 13:30,344.6939869
DB8,12/15/01 0:00,324.3048353
DB8,1/14/02 10:30,350.5428598
DB8,2/13/02 21:00,400.8825829
DB8,3/16/02 7:30,397.4180045
DB8,4/15/02 18:00,422.9826936
DB8,5/16/02 4:30,322.9671321
DB8,6/15/02 15:00,464.8579195
DB8,7/16/02 1:30,394.3730558
DB80,8/15/00 0:00,158.3527884
DB80,9/14/00 10:30,176.2477728
DB80,10/14/00 21:00,249.9257884
DB80,11/14/00 7:30,219.2338993
DB80,12/14/00 18:00,310.028417
DB80,1/14/01 4:30,233.3423298
DB80,2/13/01 15:00,293.7583275
DB80,3/16/01 1:30,299.8140209
DB80,4/15/01 12:00,337.0274381
DB80,5/15/01 22:30,368.1641475
DB80,6/15/01 9:00,416.2371769
DB80,7/15/01 19:30,450.806325
DB80,8/15/01 6:00,449.8730285
DB80,9/14/01 16:30,471.2908834
DB80,10/15/01 3:00,526.7207834
DB80,11/14/01 13:30,542.7082229
DB80,12/15/01 0:00,620.9370922
DB80,1/14/02 10:30,573.8196703
DB80,2/13/02 21:00,659.7994461
DB80,3/16/02 7:30,659.7846971
DB80,4/15/02 18:00,703.5430016
DB80,5/16/02 4:30,756.9094345
DB80,6/15/02 15:00,820.8988739
DB80,7/16/02 1:30,771.0174179
DB81,8/15/00 0:00,-144.8334367
DB81,9/14/00 10:30,-103.2144929
DB81,10/14/00 21:00,-87.89707963
DB81,11/14/00 7:30,-78.11127172
DB81,12/14/00 18:00,-49.71508702
DB81,1/14/01 4:30,6.442969118
DB81,2/13/01 15:00,29.32790352
DB81,3/16/01 1:30,6.702134272
DB81,4/15/01 12:00,89.33488481
DB81,5/15/01 22:30,46.83867916
DB81,6/15/01 9:00,80.61460249
DB81,7/15/01 19:30,88.6440108
DB81,8/15/01 6:00,183.7411276
DB81,9/14/01 16:30,147.3274702
DB81,10/15/01 3:00,229.611611
DB81,11/14/01 13:30,274.9835899
DB81,12/15/01 0:00,275.3054783
DB81,1/14/02 10:30,322.0081013
DB81,2/13/02 21:00,337.3403466
DB81,3/16/02 7:30,380.8747673
DB81,4/15/02 18:00,408.9476739
DB81,5/16/02 4:30,460.0808667
DB81,6/15/02 15:00,565.0574759
DB81,7/16/02 1:30,495.4147381
DB82,8/15/00 0:00,-99.5758258
DB82,9/14/00 10:30,-101.6649243
DB82,10/14/00 21:00,-102.8702453
DB82,11/14/00 7:30,-102.0499419
DB82,12/14/00 18:00,-39.512675
DB82,1/14/01 4:30,-54.1489806
DB82,2/13/01 15:00,-50.32571923
DB82,3/16/01 1:30,-23.60405802
DB82,4/15/01 12:00,-39.04115866
DB82,5/15/01 22:30,-35.9094114
DB82,6/15/01 9:00,-25.08255623
DB82,7/15/01 19:30,-62.21874919
DB82,8/15/01 6:00,46.85633648
DB82,9/14/01 16:30,47.36101505
DB82,10/15/01 3:00,-1.299865274
DB82,11/14/01 13:30,66.91867099
DB82,12/15/01 0:00,85.67238324
DB82,1/14/02 10:30,45.53050777
DB82,2/13/02 21:00,156.7020186
DB82,3/16/02 7:30,153.1892073
DB82,4/15/02 18:00,150.9223933
DB82,5/16/02 4:30,166.1510161
DB82,6/15/02 15:00,223.96643
DB82,7/16/02 1:30,164.0057792
DB83,8/15/00 0:00,-104.8622915
DB83,9/14/00 10:30,-60.64326262
DB83,10/14/00 21:00,-27.20627342
DB83,11/14/00 7:30,21.27295133
DB83,12/14/00 18:00,15.83308424
DB83,1/14/01 4:30,32.1598329
DB83,2/13/01 15:00,55.96985863
DB83,3/16/01 1:30,72.93136167
DB83,4/15/01 12:00,113.7791955
DB83,5/15/01 22:30,143.4434661
DB83,6/15/01 9:00,151.5066586
DB83,7/15/01 19:30,203.3604057
DB83,8/15/01 6:00,226.3338525
DB83,9/14/01 16:30,228.5210466
DB83,10/15/01 3:00,251.3811724
DB83,11/14/01 13:30,266.4183628
DB83,12/15/01 0:00,353.5890218
DB83,1/14/02 10:30,417.0157882
DB83,2/13/02 21:00,396.8220549
DB83,3/16/02 7:30,437.4151453
DB83,4/15/02 18:00,469.1238325
DB83,5/16/02 4:30,508.2484722
DB83,6/15/02 15:00,580.9933513
DB83,7/16/02 1:30,585.9182492
DB84,8/15/00 0:00,-41.95622277
DB84,9/14/00 10:30,-24.78039194
DB84,10/14/00 21:00,-3.214609512
DB84,11/14/00 7:30,24.27824054
DB84,12/14/00 18:00,27.90111055
DB84,1/14/01 4:30,49.26657431
DB84,2/13/01 15:00,56.76539236
DB84,3/16/01 1:30,85.57735465
DB84,4/15/01 12:00,102.9318753
DB84,5/15/01 22:30,125.9008912
DB84,6/15/01 9:00,159.2795917
DB84,7/15/01 19:30,188.1009053
DB84,8/15/01 6:00,192.5367209
DB84,9/14/01 16:30,200.7341759
DB84,10/15/01 3:00,271.5030263
DB84,11/14/01 13:30,326.7605963
DB84,12/15/01 0:00,327.5496916
DB84,1/14/02 10:30,274.8283031
DB84,2/13/02 21:00,350.2623996
DB84,3/16/02 7:30,385.6468537
DB84,4/15/02 18:00,461.986845
DB84,5/16/02 4:30,467.4349197
DB84,6/15/02 15:00,487.5617545
DB84,7/16/02 1:30,538.4158763
DB85,8/15/00 0:00,-18.33905454
DB85,9/14/00 10:30,5.692466061
DB85,10/14/00 21:00,60.42128568
DB85,11/14/00 7:30,98.76999586
DB85,12/14/00 18:00,115.4346301
DB85,1/14/01 4:30,65.78560728
DB85,2/13/01 15:00,93.48212474
DB85,3/16/01 1:30,114.9072765
DB85,4/15/01 12:00,148.3218043
DB85,5/15/01 22:30,147.3960683
DB85,6/15/01 9:00,191.772328
DB85,7/15/01 19:30,236.8332359
DB85,8/15/01 6:00,217.7473345
DB85,9/14/01 16:30,292.4056781
DB85,10/15/01 3:00,270.3143576
DB85,11/14/01 13:30,349.1112341
DB85,12/15/01 0:00,324.339664
DB85,1/14/02 10:30,349.6961133
DB85,2/13/02 21:00,451.8255152
DB85,3/16/02 7:30,447.868269
DB85,4/15/02 18:00,448.0147341
DB85,5/16/02 4:30,482.1375276
DB85,6/15/02 15:00,529.2583275
DB85,7/16/02 1:30,621.8598258
DB86,8/15/00 0:00,-10.30851928
DB86,9/14/00 10:30,16.57801268
DB86,10/14/00 21:00,-16.72465754
DB86,11/14/00 7:30,23.27543339
DB86,12/14/00 18:00,18.44766966
DB86,1/14/01 4:30,46.91380565
DB86,2/13/01 15:00,47.86253623
DB86,3/16/01 1:30,71.34549128
DB86,4/15/01 12:00,27.42617045
DB86,5/15/01 22:30,94.07705705
DB86,6/15/01 9:00,107.6490041
DB86,7/15/01 19:30,21.21892952
DB86,8/15/01 6:00,86.10877001
DB86,9/14/01 16:30,143.5649092
DB86,10/15/01 3:00,112.4083316
DB86,11/14/01 13:30,150.562743
DB86,12/15/01 0:00,156.2450563
DB86,1/14/02 10:30,238.9622397
DB86,2/13/02 21:00,198.2333308
DB86,3/16/02 7:30,263.3848722
DB86,4/15/02 18:00,263.1117368
DB86,5/16/02 4:30,238.6423781
DB86,6/15/02 15:00,281.7169235
DB86,7/16/02 1:30,261.5150927
DB87,8/15/00 0:00,36.24604559
DB87,9/14/00 10:30,39.94618532
DB87,10/14/00 21:00,64.98039229
DB87,11/14/00 7:30,112.3124047
DB87,12/14/00 18:00,78.15195982
DB87,1/14/01 4:30,95.07122875
DB87,2/13/01 15:00,176.6690841
DB87,3/16/01 1:30,142.3481858
DB87,4/15/01 12:00,182.6292868
DB87,5/15/01 22:30,236.9958928
DB87,6/15/01 9:00,165.8928663
DB87,7/15/01 19:30,255.4357228
DB87,8/15/01 6:00,284.8366734
DB87,9/14/01 16:30,327.2675862
DB87,10/15/01 3:00,330.3755275
DB87,11/14/01 13:30,328.2939274
DB87,12/15/01 0:00,330.6537519
DB87,1/14/02 10:30,426.8331446
DB87,2/13/02 21:00,462.4166476
DB87,3/16/02 7:30,451.3662525
DB87,4/15/02 18:00,410.9416297
DB87,5/16/02 4:30,509.2273021
DB87,6/15/02 15:00,513.4939344
DB87,7/16/02 1:30,580.2776478
DB88,8/15/00 0:00,51.25181268
DB88,9/14/00 10:30,92.41170114
DB88,10/14/00 21:00,51.06459394
DB88,11/14/00 7:30,40.11968777
DB88,12/14/00 18:00,64.67332068
DB88,1/14/01 4:30,68.97289402
DB88,2/13/01 15:00,96.96643716
DB88,3/16/01 1:30,105.6452539
DB88,4/15/01 12:00,112.0088258
DB88,5/15/01 22:30,117.8860347
DB88,6/15/01 9:00,122.141361
DB88,7/15/01 19:30,169.612853
DB88,8/15/01 6:00,140.52743
DB88,9/14/01 16:30,145.562718
DB88,10/15/01 3:00,185.8296331
DB88,11/14/01 13:30,176.0731956
DB88,12/15/01 0:00,220.0206791
DB88,1/14/02 10:30,222.7695681
DB88,2/13/02 21:00,242.9979253
DB88,3/16/02 7:30,220.8643667
DB88,4/15/02 18:00,209.659318
DB88,5/16/02 4:30,318.0857936
DB88,6/15/02 15:00,216.1953207
DB88,7/16/02 1:30,306.8398462
DB89,8/15/00 0:00,84.48655037
DB89,9/14/00 10:30,137.5691317
DB89,10/14/00 21:00,115.1942641
DB89,11/14/00 7:30,135.6595364
DB89,12/14/00 18:00,173.7269787
DB89,1/14/01 4:30,211.018266
DB89,2/13/01 15:00,204.8476962
DB89,3/16/01 1:30,245.82144
DB89,4/15/01 12:00,306.313216
DB89,5/15/01 22:30,305.3758864
DB89,6/15/01 9:00,307.9486539
DB89,7/15/01 19:30,391.5981392
DB89,8/15/01 6:00,392.2176059
DB89,9/14/01 16:30,439.6936948
DB89,10/15/01 3:00,464.6840738
DB89,11/14/01 13:30,446.3332024
DB89,12/15/01 0:00,503.8273915
DB89,1/14/02 10:30,507.9411683
DB89,2/13/02 21:00,569.0503922
DB89,3/16/02 7:30,606.052406
DB89,4/15/02 18:00,612.4335969
DB89,5/16/02 4:30,694.5615305
DB89,6/15/02 15:00,743.2077655
DB89,7/16/02 1:30,739.1488542
DB9,8/15/00 0:00,222.3985087
DB9,9/14/00 10:30,238.4996668
DB9,10/14/00 21:00,279.3014288
DB9,11/14/00 7:30,274.2872932
DB9,12/14/00 18:00,286.6234252
DB9,1/14/01 4:30,283.417123
DB9,2/13/01 15:00,323.5293185
DB9,3/16/01 1:30,323.0088544
DB9,4/15/01 12:00,301.5040652
DB9,5/15/01 22:30,347.6576746
DB9,6/15/01 9:00,381.9981168
DB9,7/15/01 19:30,383.0860649
DB9,8/15/01 6:00,454.0911393
DB9,9/14/01 16:30,449.6520935
DB9,10/15/01 3:00,427.2880049
DB9,11/14/01 13:30,435.0153029
DB9,12/15/01 0:00,492.763162
DB9,1/14/02 10:30,571.0584023
DB9,2/13/02 21:00,483.7707025
DB9,3/16/02 7:30,516.6832541
DB9,4/15/02 18:00,633.6070131
DB9,5/16/02 4:30,622.2803406
DB9,6/15/02 15:00,586.3258414
DB9,7/16/02 1:30,636.0892292
DB90,8/15/00 0:00,127.3098519
DB90,9/14/00 10:30,122.3591986
DB90,10/14/00 21:00,168.0173427
DB90,11/14/00 7:30,130.1734652
DB90,12/14/00 18:00,171.5183764
DB90,1/14/01 4:30,175.7404172
DB90,2/13/01 15:00,138.6472694
DB90,3/16/01 1:30,186.1572301
DB90,4/15/01 12:00,238.147914
DB90,5/15/01 22:30,277.0062498
DB90,6/15/01 9:00,249.0131032
DB90,7/15/01 19:30,266.6564022
DB90,8/15/01 6:00,310.3643432
DB90,9/14/01 16:30,305.2071624
DB90,10/15/01 3:00,329.4205166
DB90,11/14/01 13:30,391.7220433
DB90,12/15/01 0:00,334.8271392
DB90,1/14/02 10:30,426.1930135
DB90,2/13/02 21:00,429.9105779
DB90,3/16/02 7:30,440.718163
DB90,4/15/02 18:00,483.9087642
DB90,5/16/02 4:30,445.1891247
DB90,6/15/02 15:00,562.6448855
DB90,7/16/02 1:30,519.4912552
DB91,8/15/00 0:00,-178.6909863
DB91,9/14/00 10:30,-130.3873406
DB91,10/14/00 21:00,-138.9207938
DB91,11/14/00 7:30,-153.1665391
DB91,12/14/00 18:00,-93.19791048
DB91,1/14/01 4:30,-104.4665606
DB91,2/13/01 15:00,-100.1336471
DB91,3/16/01 1:30,-39.77780343
DB91,4/15/01 12:00,-30.99888811
DB91,5/15/01 22:30,34.5612423
DB91,6/15/01 9:00,30.17947125
DB91,7/15/01 19:30,94.1265556
DB91,8/15/01 6:00,61.87151919
DB91,9/14/01 16:30,84.1486921
DB91,10/15/01 3:00,128.3077156
DB91,11/14/01 13:30,157.538434
DB91,12/15/01 0:00,146.4222796
DB91,1/14/02 10:30,208.4409796
DB91,2/13/02 21:00,189.9459946
DB91,3/16/02 7:30,255.8851799
DB91,4/15/02 18:00,252.5537765
DB91,5/16/02 4:30,322.5004634
DB91,6/15/02 15:00,333.3892953
DB91,7/16/02 1:30,354.5411064
DB92,8/15/00 0:00,-131.2540069
DB92,9/14/00 10:30,-149.5961352
DB92,10/14/00 21:00,-105.6973733
DB92,11/14/00 7:30,-113.8779315
DB92,12/14/00 18:00,-53.08637522
DB92,1/14/01 4:30,-25.13848266
DB92,2/13/01 15:00,-10.91808036
DB92,3/16/01 1:30,-62.32591532
DB92,4/15/01 12:00,-3.14600214
DB92,5/15/01 22:30,65.31543766
DB92,6/15/01 9:00,42.39741205
DB92,7/15/01 19:30,44.59544722
DB92,8/15/01 6:00,53.03495917
DB92,9/14/01 16:30,153.763956
DB92,10/15/01 3:00,110.1308151
DB92,11/14/01 13:30,174.7821065
DB92,12/15/01 0:00,127.3010314
DB92,1/14/02 10:30,254.9278353
DB92,2/13/02 21:00,206.8927506
DB92,3/16/02 7:30,241.4184533
DB92,4/15/02 18:00,283.7758919
DB92,5/16/02 4:30,352.7507757
DB92,6/15/02 15:00,351.2295359
DB92,7/16/02 1:30,420.909918
DB93,8/15/00 0:00,-131.4666861
DB93,9/14/00 10:30,-124.9049291
DB93,10/14/00 21:00,-85.87464088
DB93,11/14/00 7:30,-79.10190468
DB93,12/14/00 18:00,-101.1013098
DB93,1/14/01 4:30,-88.21719282
DB93,2/13/01 15:00,-38.22064893
DB93,3/16/01 1:30,-71.78437921
DB93,4/15/01 12:00,-99.70608406
DB93,5/15/01 22:30,-20.25116558
DB93,6/15/01 9:00,-10.74893274
DB93,7/15/01 19:30,14.99243157
DB93,8/15/01 6:00,63.07627602
DB93,9/14/01 16:30,20.97875073
DB93,10/15/01 3:00,27.62019126
DB93,11/14/01 13:30,65.9942582
DB93,12/15/01 0:00,41.5650631
DB93,1/14/02 10:30,121.2601448
DB93,2/13/02 21:00,64.23625968
DB93,3/16/02 7:30,136.6822348
DB93,4/15/02 18:00,129.0575655
DB93,5/16/02 4:30,213.8981529
DB93,6/15/02 15:00,257.9210253
DB93,7/16/02 1:30,240.7546199
DB94,8/15/00 0:00,-34.56638084
DB94,9/14/00 10:30,-61.90459159
DB94,10/14/00 21:00,-66.96252959
DB94,11/14/00 7:30,14.01466621
DB94,12/14/00 18:00,45.13482035
DB94,1/14/01 4:30,27.38226149
DB94,2/13/01 15:00,66.94813984
DB94,3/16/01 1:30,82.41958449
DB94,4/15/01 12:00,100.1861974
DB94,5/15/01 22:30,101.0020155
DB94,6/15/01 9:00,143.2589448
DB94,7/15/01 19:30,85.54250726
DB94,8/15/01 6:00,222.6932034
DB94,9/14/01 16:30,269.0373544
DB94,10/15/01 3:00,253.0763441
DB94,11/14/01 13:30,292.6419622
DB94,12/15/01 0:00,330.1480065
DB94,1/14/02 10:30,352.701825
DB94,2/13/02 21:00,361.7834993
DB94,3/16/02 7:30,429.7320517
DB94,4/15/02 18:00,449.8346159
DB94,5/16/02 4:30,479.8813845
DB94,6/15/02 15:00,508.7301843
DB94,7/16/02 1:30,572.5110117
DB95,8/15/00 0:00,-38.23260852
DB95,9/14/00 10:30,-75.9361482
DB95,10/14/00 21:00,-79.77765926
DB95,11/14/00 7:30,-39.09285908
DB95,12/14/00 18:00,-31.55293346
DB95,1/14/01 4:30,-26.28832587
DB95,2/13/01 15:00,-66.9226142
DB95,3/16/01 1:30,32.34313305
DB95,4/15/01 12:00,-5.015077814
DB95,5/15/01 22:30,24.38476301
DB95,6/15/01 9:00,19.40060842
DB95,7/15/01 19:30,42.95478925
DB95,8/15/01 6:00,40.49401373
DB95,9/14/01 16:30,94.82968834
DB95,10/15/01 3:00,54.65014892
DB95,11/14/01 13:30,73.66408996
DB95,12/15/01 0:00,112.7611016
DB95,1/14/02 10:30,164.2261406
DB95,2/13/02 21:00,146.5530859
DB95,3/16/02 7:30,179.3230101
DB95,4/15/02 18:00,198.3342743
DB95,5/16/02 4:30,174.0630257
DB95,6/15/02 15:00,233.6639663
DB95,7/16/02 1:30,223.1094203
DB96,8/15/00 0:00,-24.02958272
DB96,9/14/00 10:30,-3.121033844
DB96,10/14/00 21:00,42.516793
DB96,11/14/00 7:30,6.264460947
DB96,12/14/00 18:00,47.97551544
DB96,1/14/01 4:30,48.43062135
DB96,2/13/01 15:00,79.06706301
DB96,3/16/01 1:30,100.3400421
DB96,4/15/01 12:00,88.70032601
DB96,5/15/01 22:30,85.42456414
DB96,6/15/01 9:00,158.3800652
DB96,7/15/01 19:30,126.9754312
DB96,8/15/01 6:00,228.1470437
DB96,9/14/01 16:30,139.8588429
DB96,10/15/01 3:00,260.8357443
DB96,11/14/01 13:30,250.7835057
DB96,12/15/01 0:00,251.8604207
DB96,1/14/02 10:30,316.4000238
DB96,2/13/02 21:00,291.0065341
DB96,3/16/02 7:30,361.4715612
DB96,4/15/02 18:00,369.0681457
DB96,5/16/02 4:30,411.3214788
DB96,6/15/02 15:00,458.1943805
DB96,7/16/02 1:30,422.3830024
DB97,8/15/00 0:00,38.73715688
DB97,9/14/00 10:30,9.207175935
DB97,10/14/00 21:00,84.81715483
DB97,11/14/00 7:30,55.34531579
DB97,12/14/00 18:00,95.77254824
DB97,1/14/01 4:30,94.00121416
DB97,2/13/01 15:00,100.1568084
DB97,3/16/01 1:30,132.1671304
DB97,4/15/01 12:00,150.1242958
DB97,5/15/01 22:30,200.2039143
DB97,6/15/01 9:00,168.1282472
DB97,7/15/01 19:30,193.8537896
DB97,8/15/01 6:00,288.5466901
DB97,9/14/01 16:30,260.938324
DB97,10/15/01 3:00,295.7026846
DB97,11/14/01 13:30,295.5258907
DB97,12/15/01 0:00,335.0145601
DB97,1/14/02 10:30,355.4748022
DB97,2/13/02 21:00,360.0825736
DB97,3/16/02 7:30,393.1846306
DB97,4/15/02 18:00,439.1390563
DB97,5/16/02 4:30,466.1338585
DB97,6/15/02 15:00,493.6093843
DB97,7/16/02 1:30,457.4937026
DB98,8/15/00 0:00,62.91893126
DB98,9/14/00 10:30,52.24406196
DB98,10/14/00 21:00,115.1590242
DB98,11/14/00 7:30,114.4459388
DB98,12/14/00 18:00,129.0722607
DB98,1/14/01 4:30,140.86078
DB98,2/13/01 15:00,153.1646022
DB98,3/16/01 1:30,204.491689
DB98,4/15/01 12:00,181.4770444
DB98,5/15/01 22:30,233.9313958
DB98,6/15/01 9:00,254.8329217
DB98,7/15/01 19:30,316.3498733
DB98,8/15/01 6:00,315.397551
DB98,9/14/01 16:30,350.945918
DB98,10/15/01 3:00,339.3493709
DB98,11/14/01 13:30,340.0057345
DB98,12/15/01 0:00,422.3113809
DB98,1/14/02 10:30,407.6223821
DB98,2/13/02 21:00,445.4710819
DB98,3/16/02 7:30,490.0236691
DB98,4/15/02 18:00,483.3946275
DB98,5/16/02 4:30,543.6900617
DB98,6/15/02 15:00,585.3624915
DB98,7/16/02 1:30,623.2580546
DB99,8/15/00 0:00,107.2134459
DB99,9/14/00 10:30,119.3192398
DB99,10/14/00 21:00,149.9694358
DB99,11/14/00 7:30,148.8013463
DB99,12/14/00 18:00,134.5097722
DB99,1/14/01 4:30,120.148504
DB99,2/13/01 15:00,236.7570812
DB99,3/16/01 1:30,261.8876824
DB99,4/15/01 12:00,210.9286304
DB99,5/15/01 22:30,318.816503
DB99,6/15/01 9:00,297.2630354
DB99,7/15/01 19:30,358.4086305
DB99,8/15/01 6:00,359.5908269
DB99,9/14/01 16:30,323.7333653
DB99,10/15/01 3:00,397.6621914
DB99,11/14/01 13:30,392.388758
DB99,12/15/01 0:00,467.5257099
DB99,1/14/02 10:30,487.9779142
DB99,2/13/02 21:00,567.8019861
DB99,3/16/02 7:30,562.8812584
DB99,4/15/02 18:00,610.0254499
DB99,5/16/02 4:30,569.5533426
DB99,6/15/02 15:00,656.3398329
DB99,7/16/02 1:30,704.7572095