station_id,timestamp,nitrogen
DB1,7/16/02 1:30,92.40129157
DB91,7/16/02 1:30,119.7398198
DB11,7/16/02 1:30,81.89861203
DB21,7/16/02 1:30,111.7162569
DB31,7/16/02 1:30,113.952544
DB41,7/16/02 1:30,116.892678
DB51,7/16/02 1:30,132.4297864
DB61,7/16/02 1:30,130.4038443
DB71,7/16/02 1:30,92.57859588
DB81,7/16/02 1:30,137.0278797
DB10,7/16/02 1:30,96.8712883
DB100,7/16/02 1:30,76.01721212
DB20,7/16/02 1:30,65.30249869
DB30,7/16/02 1:30,64.13952712
DB40,7/16/02 1:30,92.42511436
DB50,7/16/02 1:30,111.3936312
DB60,7/16/02 1:30,59.23194137
DB70,7/16/02 1:30,83.33538078
DB80,7/16/02 1:30,130.606718
DB90,7/16/02 1:30,87.63403588
DB2,7/16/02 1:30,95.77051748
DB92,7/16/02 1:30,114.2350369
DB12,7/16/02 1:30,134.6513297
DB22,7/16/02 1:30,44.87714821
DB32,7/16/02 1:30,59.24999912
DB42,7/16/02 1:30,71.31400137
DB52,7/16/02 1:30,79.80995445
DB62,7/16/02 1:30,111.3218015
DB72,7/16/02 1:30,92.74326259
DB82,7/16/02 1:30,57.12817531
DB3,7/16/02 1:30,61.46492889
DB93,7/16/02 1:30,73.637023
DB13,7/16/02 1:30,128.7320886
DB23,7/16/02 1:30,85.10637071
DB33,7/16/02 1:30,60.25581767
DB43,7/16/02 1:30,74.53407334
DB53,7/16/02 1:30,84.55009909
DB63,7/16/02 1:30,146.2991111
DB73,7/16/02 1:30,94.03547531
DB83,7/16/02 1:30,140.715673
DB4,7/16/02 1:30,149.5773896
DB94,7/16/02 1:30,128.591687
DB14,7/16/02 1:30,114.172622
DB24,7/16/02 1:30,130.3626194
DB34,7/16/02 1:30,102.5640093
DB44,7/16/02 1:30,132.5853632
DB54,7/16/02 1:30,72.07877436
DB64,7/16/02 1:30,128.9598631
DB74,7/16/02 1:30,126.9681938
DB84,7/16/02 1:30,122.9283721
DB5,7/16/02 1:30,47.01372514
DB95,7/16/02 1:30,59.79079258
DB15,7/16/02 1:30,66.6612097
DB25,7/16/02 1:30,77.67041237
DB35,7/16/02 1:30,59.41638729
DB45,7/16/02 1:30,91.26206871
DB55,7/16/02 1:30,54.03209969
DB65,7/16/02 1:30,68.64355873
DB75,7/16/02 1:30,58.88741065
DB85,7/16/02 1:30,130.4021767
DB6,7/16/02 1:30,115.8101869
DB96,7/16/02 1:30,97.95430637
DB16,7/16/02 1:30,109.8448297
DB26,7/16/02 1:30,100.2629929
DB36,7/16/02 1:30,72.37192836
DB46,7/16/02 1:30,73.57752313
DB56,7/16/02 1:30,54.13546397
DB66,7/16/02 1:30,66.24396105
DB76,7/16/02 1:30,86.569603
DB86,7/16/02 1:30,58.54235147
DB7,7/16/02 1:30,127.5133793
DB97,7/16/02 1:30,101.1866548
DB17,7/16/02 1:30,100.6729766
DB27,7/16/02 1:30,113.3466038
DB37,7/16/02 1:30,91.3529028
DB47,7/16/02 1:30,103.0589797
DB57,7/16/02 1:30,116.5047082
DB67,7/16/02 1:30,102.0776211
DB77,7/16/02 1:30,79.56357721
DB87,7/16/02 1:30,115.514872
DB8,7/16/02 1:30,39.48241754
DB98,7/16/02 1:30,123.2118111
DB18,7/16/02 1:30,68.04884089
DB28,7/16/02 1:30,104.0590757
DB38,7/16/02 1:30,132.7299724
DB48,7/16/02 1:30,46.37504468
DB58,7/16/02 1:30,126.7050361
DB68,7/16/02 1:30,77.76350514
DB78,7/16/02 1:30,102.2345479
DB88,7/16/02 1:30,51.73813177
DB9,7/16/02 1:30,84.02211657
DB99,7/16/02 1:30,130.8108581
DB19,7/16/02 1:30,130.7696819
DB29,7/16/02 1:30,140.4349763
DB39,7/16/02 1:30,140.088275
DB49,7/16/02 1:30,106.8040224
DB59,7/16/02 1:30,103.1366473
DB69,7/16/02 1:30,65.10574978
DB79,7/16/02 1:30,103.5550949
DB89,7/16/02 1:30,132.1953877
DB1,6/15/02 15:00,91.38505426
DB91,6/15/02 15:00,112.7669134
DB11,6/15/02 15:00,89.41066819
DB21,6/15/02 15:00,110.4764865
DB31,6/15/02 15:00,109.2845644
DB41,6/15/02 15:00,114.347779
DB51,6/15/02 15:00,126.8331582
DB61,6/15/02 15:00,126.7770409
DB71,6/15/02 15:00,92.07375643
DB81,6/15/02 15:00,146.3301271
DB10,6/15/02 15:00,90.43013204
DB100,6/15/02 15:00,79.21485467
DB20,6/15/02 15:00,72.23066781
DB30,6/15/02 15:00,67.44552773
DB40,6/15/02 15:00,85.99366414
DB50,6/15/02 15:00,91.24988101
DB60,6/15/02 15:00,46.04728618
DB70,6/15/02 15:00,85.09309348
DB80,6/15/02 15:00,142.8124943
DB90,6/15/02 15:00,89.77087913
DB2,6/15/02 15:00,93.56307662
DB92,6/15/02 15:00,105.3577165
DB12,6/15/02 15:00,143.0123055
DB22,6/15/02 15:00,50.09739832
DB32,6/15/02 15:00,65.20411115
DB42,6/15/02 15:00,69.90037871
DB52,6/15/02 15:00,79.17669851
DB62,6/15/02 15:00,116.7387016
DB72,6/15/02 15:00,89.74211267
DB82,6/15/02 15:00,62.9356858
DB3,6/15/02 15:00,69.75882669
DB93,6/15/02 15:00,73.4674869
DB13,6/15/02 15:00,127.8362025
DB23,6/15/02 15:00,72.21416965
DB33,6/15/02 15:00,53.10933526
DB43,6/15/02 15:00,67.88291961
DB53,6/15/02 15:00,81.2291932
DB63,6/15/02 15:00,146.8411216
DB73,6/15/02 15:00,94.00963862
DB83,6/15/02 15:00,143.5115772
DB4,6/15/02 15:00,147.2889992
DB94,6/15/02 15:00,132.2598123
DB14,6/15/02 15:00,112.3588624
DB24,6/15/02 15:00,120.298405
DB34,6/15/02 15:00,105.8847228
DB44,6/15/02 15:00,131.7716838
DB54,6/15/02 15:00,51.44332136
DB64,6/15/02 15:00,128.7762908
DB74,6/15/02 15:00,124.1461157
DB84,6/15/02 15:00,110.7849397
DB5,6/15/02 15:00,52.2883311
DB95,6/15/02 15:00,62.28783687
DB15,6/15/02 15:00,58.44164365
DB25,6/15/02 15:00,80.18483126
DB35,6/15/02 15:00,55.31064014
DB45,6/15/02 15:00,85.67407836
DB55,6/15/02 15:00,49.66949455
DB65,6/15/02 15:00,55.70069267
DB75,6/15/02 15:00,45.52760411
DB85,6/15/02 15:00,121.7874096
DB6,6/15/02 15:00,120.0273272
DB96,6/15/02 15:00,95.99961319
DB16,6/15/02 15:00,113.9449089
DB26,6/15/02 15:00,94.55294058
DB36,6/15/02 15:00,71.92350113
DB46,6/15/02 15:00,66.66125922
DB56,6/15/02 15:00,51.82569121
DB66,6/15/02 15:00,66.34904704
DB76,6/15/02 15:00,87.93634282
DB86,6/15/02 15:00,60.14490285
DB7,6/15/02 15:00,124.4770224
DB97,6/15/02 15:00,103.4907349
DB17,6/15/02 15:00,91.93727352
DB27,6/15/02 15:00,118.2155652
DB37,6/15/02 15:00,90.5042724
DB47,6/15/02 15:00,96.63382868
DB57,6/15/02 15:00,109.4608482
DB67,6/15/02 15:00,104.1712504
DB77,6/15/02 15:00,77.71795209
DB87,6/15/02 15:00,100.2145205
DB8,6/15/02 15:00,47.5475195
DB98,6/15/02 15:00,125.1089658
DB18,6/15/02 15:00,66.0352557
DB28,6/15/02 15:00,101.0320101
DB38,6/15/02 15:00,135.0410437
DB48,6/15/02 15:00,50.30673543
DB58,6/15/02 15:00,117.4437488
DB68,6/15/02 15:00,77.5897714
DB78,6/15/02 15:00,103.9936728
DB88,6/15/02 15:00,44.0241693
DB9,6/15/02 15:00,77.44748823
DB99,6/15/02 15:00,123.5536073
DB19,6/15/02 15:00,127.4599813
DB29,6/15/02 15:00,140.3492201
DB39,6/15/02 15:00,140.1781131
DB49,6/15/02 15:00,84.60252999
DB59,6/15/02 15:00,95.60743625
DB69,6/15/02 15:00,63.50840313
DB79,6/15/02 15:00,88.10588449
DB89,6/15/02 15:00,139.4593966
DB1,5/16/02 4:30,84.28273815
DB91,5/16/02 4:30,112.2049347
DB11,5/16/02 4:30,84.55662552
DB21,5/16/02 4:30,101.3638978
DB31,5/16/02 4:30,100.9147048
DB41,5/16/02 4:30,116.5232671
DB51,5/16/02 4:30,131.8325739
DB61,5/16/02 4:30,123.4791487
DB71,5/16/02 4:30,84.14239157
DB81,5/16/02 4:30,142.4114831
DB10,5/16/02 4:30,92.76972509
DB100,5/16/02 4:30,73.02199106
DB20,5/16/02 4:30,68.26710593
DB30,5/16/02 4:30,61.09561383
DB40,5/16/02 4:30,80.19360154
DB50,5/16/02 4:30,87.50650419
DB60,5/16/02 4:30,42.77001085
DB70,5/16/02 4:30,82.72066382
DB80,5/16/02 4:30,131.3050204
DB90,5/16/02 4:30,78.94289196
DB2,5/16/02 4:30,89.38822606
DB92,5/16/02 4:30,104.8155997
DB12,5/16/02 4:30,138.1201242
DB22,5/16/02 4:30,43.56048475
DB32,5/16/02 4:30,57.94462354
DB42,5/16/02 4:30,65.7494528
DB52,5/16/02 4:30,75.99798676
DB62,5/16/02 4:30,102.2070112
DB72,5/16/02 4:30,90.21653502
DB82,5/16/02 4:30,66.17185185
DB3,5/16/02 4:30,56.41672081
DB93,5/16/02 4:30,66.48120921
DB13,5/16/02 4:30,128.2244822
DB23,5/16/02 4:30,86.33996513
DB33,5/16/02 4:30,55.08293383
DB43,5/16/02 4:30,66.50887708
DB53,5/16/02 4:30,74.4525002
DB63,5/16/02 4:30,134.0282495
DB73,5/16/02 4:30,87.29589461
DB83,5/16/02 4:30,137.3855745
DB4,5/16/02 4:30,147.7973163
DB94,5/16/02 4:30,130.4906031
DB14,5/16/02 4:30,98.85889994
DB24,5/16/02 4:30,118.1665638
DB34,5/16/02 4:30,99.02863932
DB44,5/16/02 4:30,142.4350451
DB54,5/16/02 4:30,52.22312776
DB64,5/16/02 4:30,120.2696293
DB74,5/16/02 4:30,114.5879668
DB84,5/16/02 4:30,125.6555394
DB5,5/16/02 4:30,39.3014972
DB95,5/16/02 4:30,56.2737992
DB15,5/16/02 4:30,55.25228667
DB25,5/16/02 4:30,82.13350036
DB35,5/16/02 4:30,64.1508517
DB45,5/16/02 4:30,73.26495488
DB55,5/16/02 4:30,43.01245861
DB65,5/16/02 4:30,53.35134099
DB75,5/16/02 4:30,49.44322427
DB85,5/16/02 4:30,118.9098805
DB6,5/16/02 4:30,116.6209414
DB96,5/16/02 4:30,91.89548076
DB16,5/16/02 4:30,103.8693592
DB26,5/16/02 4:30,103.8715856
DB36,5/16/02 4:30,79.21371735
DB46,5/16/02 4:30,66.0599075
DB56,5/16/02 4:30,45.10313297
DB66,5/16/02 4:30,63.1415168
DB76,5/16/02 4:30,77.25307531
DB86,5/16/02 4:30,53.29719233
DB7,5/16/02 4:30,128.6272085
DB97,5/16/02 4:30,108.7756254
DB17,5/16/02 4:30,87.86771621
DB27,5/16/02 4:30,125.3140419
DB37,5/16/02 4:30,80.85457684
DB47,5/16/02 4:30,94.0343151
DB57,5/16/02 4:30,116.9844057
DB67,5/16/02 4:30,95.37914498
DB77,5/16/02 4:30,67.68524001
DB87,5/16/02 4:30,111.6997682
DB8,5/16/02 4:30,34.91330295
DB98,5/16/02 4:30,111.2385684
DB18,5/16/02 4:30,61.42663076
DB28,5/16/02 4:30,105.0483186
DB38,5/16/02 4:30,116.2072278
DB48,5/16/02 4:30,41.78069533
DB58,5/16/02 4:30,119.9588428
DB68,5/16/02 4:30,68.27675607
DB78,5/16/02 4:30,98.9974307
DB88,5/16/02 4:30,57.82466672
DB9,5/16/02 4:30,84.12343714
DB99,5/16/02 4:30,116.6516939
DB19,5/16/02 4:30,139.3615918
DB29,5/16/02 4:30,128.9517345
DB39,5/16/02 4:30,128.0091924
DB49,5/16/02 4:30,86.87907771
DB59,5/16/02 4:30,98.38571011
DB69,5/16/02 4:30,62.86605216
DB79,5/16/02 4:30,106.0145684
DB89,5/16/02 4:30,128.089485
DB1,4/15/02 18:00,90.32151468
DB91,4/15/02 18:00,105.0293542
DB11,4/15/02 18:00,82.49300087
DB21,4/15/02 18:00,106.4226864
DB31,4/15/02 18:00,117.4065751
DB41,4/15/02 18:00,118.5605688
DB51,4/15/02 18:00,121.3977441
DB61,4/15/02 18:00,137.0134317
DB71,4/15/02 18:00,88.2579047
DB81,4/15/02 18:00,137.2876456
DB10,4/15/02 18:00,80.34580538
DB100,4/15/02 18:00,79.89700643
DB20,4/15/02 18:00,67.93426254
DB30,4/15/02 18:00,65.79310182
DB40,4/15/02 18:00,84.07820924
DB50,4/15/02 18:00,94.48476985
DB60,4/15/02 18:00,46.52917627
DB70,4/15/02 18:00,83.79627664
DB80,4/15/02 18:00,130.9650131
DB90,4/15/02 18:00,83.00614117
DB2,4/15/02 18:00,88.58886731
DB92,4/15/02 18:00,98.05172279
DB12,4/15/02 18:00,132.2697951
DB22,4/15/02 18:00,49.17241671
DB32,4/15/02 18:00,59.79733141
DB42,4/15/02 18:00,70.21642879
DB52,4/15/02 18:00,67.91913374
DB62,4/15/02 18:00,110.6566261
DB72,4/15/02 18:00,80.09880991
DB82,4/15/02 18:00,61.27754164
DB3,4/15/02 18:00,63.61292815
DB93,4/15/02 18:00,56.57008876
DB13,4/15/02 18:00,133.2604406
DB23,4/15/02 18:00,77.76899459
DB33,4/15/02 18:00,53.70133105
DB43,4/15/02 18:00,63.97154279
DB53,4/15/02 18:00,76.86386555
DB63,4/15/02 18:00,143.4573407
DB73,4/15/02 18:00,82.07274772
DB83,4/15/02 18:00,138.2145443
DB4,4/15/02 18:00,140.581716
DB94,4/15/02 18:00,132.9927755
DB14,4/15/02 18:00,109.9686616
DB24,4/15/02 18:00,114.0227188
DB34,4/15/02 18:00,88.81270175
DB44,4/15/02 18:00,135.1495691
DB54,4/15/02 18:00,59.88147698
DB64,4/15/02 18:00,125.9061391
DB74,4/15/02 18:00,124.4407224
DB84,4/15/02 18:00,123.3899938
DB5,4/15/02 18:00,40.65822932
DB95,4/15/02 18:00,53.12826361
DB15,4/15/02 18:00,50.17559715
DB25,4/15/02 18:00,78.8570724
DB35,4/15/02 18:00,59.49921416
DB45,4/15/02 18:00,76.95523615
DB55,4/15/02 18:00,50.34566447
DB65,4/15/02 18:00,47.14453223
DB75,4/15/02 18:00,53.8249227
DB85,4/15/02 18:00,116.3104245
DB6,4/15/02 18:00,112.749359
DB96,4/15/02 18:00,100.9888273
DB16,4/15/02 18:00,105.0712986
DB26,4/15/02 18:00,102.8126581
DB36,4/15/02 18:00,58.91478169
DB46,4/15/02 18:00,59.2805775
DB56,4/15/02 18:00,37.54164426
DB66,4/15/02 18:00,63.27287904
DB76,4/15/02 18:00,79.39733727
DB86,4/15/02 18:00,59.76487357
DB7,4/15/02 18:00,123.5182078
DB97,4/15/02 18:00,103.6586192
DB17,4/15/02 18:00,92.94375733
DB27,4/15/02 18:00,115.4288818
DB37,4/15/02 18:00,78.98766669
DB47,4/15/02 18:00,100.20462
DB57,4/15/02 18:00,103.3150169
DB67,4/15/02 18:00,92.50560292
DB77,4/15/02 18:00,64.73608371
DB87,4/15/02 18:00,99.52702815
DB8,4/15/02 18:00,41.01504837
DB98,4/15/02 18:00,109.6011422
DB18,4/15/02 18:00,66.23347211
DB28,4/15/02 18:00,105.0409975
DB38,4/15/02 18:00,115.3790006
DB48,4/15/02 18:00,42.31957622
DB58,4/15/02 18:00,117.918919
DB68,4/15/02 18:00,76.50838928
DB78,4/15/02 18:00,96.1806808
DB88,4/15/02 18:00,39.02803785
DB9,4/15/02 18:00,77.88152938
DB99,4/15/02 18:00,123.7549117
DB19,4/15/02 18:00,134.5912689
DB29,4/15/02 18:00,122.2035886
DB39,4/15/02 18:00,137.59695
DB49,4/15/02 18:00,84.27576959
DB59,4/15/02 18:00,116.1285006
DB69,4/15/02 18:00,61.23797091
DB79,4/15/02 18:00,91.94565545
DB89,4/15/02 18:00,125.3543739
DB1,3/16/02 7:30,81.31861932
DB91,3/16/02 7:30,99.77353759
DB11,3/16/02 7:30,74.77980398
DB21,3/16/02 7:30,106.3074499
DB31,3/16/02 7:30,107.3513716
DB41,3/16/02 7:30,115.0903183
DB51,3/16/02 7:30,130.1818331
DB61,3/16/02 7:30,123.7438005
DB71,3/16/02 7:30,78.90573495
DB81,3/16/02 7:30,136.1515897
DB10,3/16/02 7:30,85.7388717
DB100,3/16/02 7:30,72.42682157
DB20,3/16/02 7:30,69.37819564
DB30,3/16/02 7:30,48.7011625
DB40,3/16/02 7:30,83.92902656
DB50,3/16/02 7:30,89.50842939
DB60,3/16/02 7:30,41.56329368
DB70,3/16/02 7:30,81.56740081
DB80,3/16/02 7:30,129.0202408
DB90,3/16/02 7:30,81.57988514
DB2,3/16/02 7:30,84.0051907
DB92,3/16/02 7:30,100.039036
DB12,3/16/02 7:30,121.5119275
DB22,3/16/02 7:30,43.81850952
DB32,3/16/02 7:30,59.71623636
DB42,3/16/02 7:30,58.31106658
DB52,3/16/02 7:30,62.80126484
DB62,3/16/02 7:30,119.1004431
DB72,3/16/02 7:30,75.34529113
DB82,3/16/02 7:30,62.82571959
DB3,3/16/02 7:30,52.07238857
DB93,3/16/02 7:30,64.19294652
DB13,3/16/02 7:30,130.431419
DB23,3/16/02 7:30,64.54823146
DB33,3/16/02 7:30,53.73844434
DB43,3/16/02 7:30,61.87983193
DB53,3/16/02 7:30,70.69538988
DB63,3/16/02 7:30,140.665684
DB73,3/16/02 7:30,80.8712687
DB83,3/16/02 7:30,138.5427864
DB4,3/16/02 7:30,136.232965
DB94,3/16/02 7:30,127.5680095
DB14,3/16/02 7:30,99.33010623
DB24,3/16/02 7:30,116.8714742
DB34,3/16/02 7:30,81.62149258
DB44,3/16/02 7:30,130.1663606
DB54,3/16/02 7:30,49.5850422
DB64,3/16/02 7:30,125.6002702
DB74,3/16/02 7:30,114.8130965
DB84,3/16/02 7:30,112.8448334
DB5,3/16/02 7:30,40.53733165
DB95,3/16/02 7:30,53.64132749
DB15,3/16/02 7:30,52.97536502
DB25,3/16/02 7:30,79.7720505
DB35,3/16/02 7:30,56.32959963
DB45,3/16/02 7:30,84.62374774
DB55,3/16/02 7:30,53.24715848
DB65,3/16/02 7:30,54.38610114
DB75,3/16/02 7:30,61.09327977
DB85,3/16/02 7:30,119.6564353
DB6,3/16/02 7:30,108.2941983
DB96,3/16/02 7:30,98.95265697
DB16,3/16/02 7:30,103.4496017
DB26,3/16/02 7:30,89.41909581
DB36,3/16/02 7:30,71.98423572
DB46,3/16/02 7:30,61.28721012
DB56,3/16/02 7:30,41.13445408
DB66,3/16/02 7:30,48.51097683
DB76,3/16/02 7:30,95.73979749
DB86,3/16/02 7:30,63.06529146
DB7,3/16/02 7:30,115.0652935
DB97,3/16/02 7:30,98.7965303
DB17,3/16/02 7:30,97.26371146
DB27,3/16/02 7:30,117.6792068
DB37,3/16/02 7:30,74.76133255
DB47,3/16/02 7:30,107.0679418
DB57,3/16/02 7:30,106.960985
DB67,3/16/02 7:30,97.05023007
DB77,3/16/02 7:30,62.82039975
DB87,3/16/02 7:30,109.5997182
DB8,3/16/02 7:30,38.03133132
DB98,3/16/02 7:30,118.7853897
DB18,3/16/02 7:30,53.52965442
DB28,3/16/02 7:30,111.994682
DB38,3/16/02 7:30,113.8779355
DB48,3/16/02 7:30,56.08440947
DB58,3/16/02 7:30,120.8096735
DB68,3/16/02 7:30,73.71628597
DB78,3/16/02 7:30,97.99855363
DB88,3/16/02 7:30,41.40518739
DB9,3/16/02 7:30,68.53672482
DB99,3/16/02 7:30,116.9015476
DB19,3/16/02 7:30,138.3630094
DB29,3/16/02 7:30,126.3226027
DB39,3/16/02 7:30,130.3517986
DB49,3/16/02 7:30,88.136348
DB59,3/16/02 7:30,100.0180806
DB69,3/16/02 7:30,52.13251066
DB79,3/16/02 7:30,91.41386569
DB89,3/16/02 7:30,118.806173
DB1,2/13/02 21:00,87.7088637
DB91,2/13/02 21:00,99.12034406
DB11,2/13/02 21:00,69.91540898
DB21,2/13/02 21:00,107.101832
DB31,2/13/02 21:00,109.6723995
DB41,2/13/02 21:00,106.1961003
DB51,2/13/02 21:00,119.5876591
DB61,2/13/02 21:00,117.5080049
DB71,2/13/02 21:00,89.69073846
DB81,2/13/02 21:00,135.328201
DB10,2/13/02 21:00,89.83761342
DB100,2/13/02 21:00,67.47661356
DB20,2/13/02 21:00,64.47426855
DB30,2/13/02 21:00,57.33461356
DB40,2/13/02 21:00,72.10854099
DB50,2/13/02 21:00,91.86433224
DB60,2/13/02 21:00,46.57127744
DB70,2/13/02 21:00,75.36919508
DB80,2/13/02 21:00,137.8970927
DB90,2/13/02 21:00,85.18535603
DB2,2/13/02 21:00,78.62365593
DB92,2/13/02 21:00,95.20577906
DB12,2/13/02 21:00,123.8853133
DB22,2/13/02 21:00,53.67784497
DB32,2/13/02 21:00,55.87679609
DB42,2/13/02 21:00,55.49986125
DB52,2/13/02 21:00,64.09743212
DB62,2/13/02 21:00,105.4607587
DB72,2/13/02 21:00,85.66123148
DB82,2/13/02 21:00,65.88417734
DB3,2/13/02 21:00,39.51784056
DB93,2/13/02 21:00,54.34996292
DB13,2/13/02 21:00,121.0190862
DB23,2/13/02 21:00,80.00887045
DB33,2/13/02 21:00,56.57895494
DB43,2/13/02 21:00,57.70208102
DB53,2/13/02 21:00,70.29608993
DB63,2/13/02 21:00,143.9927291
DB73,2/13/02 21:00,82.45662999
DB83,2/13/02 21:00,131.3015199
DB4,2/13/02 21:00,140.450024
DB94,2/13/02 21:00,129.0767838
DB14,2/13/02 21:00,97.95649683
DB24,2/13/02 21:00,110.4190926
DB34,2/13/02 21:00,92.99364599
DB44,2/13/02 21:00,127.5469889
DB54,2/13/02 21:00,47.17194237
DB64,2/13/02 21:00,115.0509691
DB74,2/13/02 21:00,114.1065209
DB84,2/13/02 21:00,108.7961923
DB5,2/13/02 21:00,33.30271315
DB95,2/13/02 21:00,54.52174337
DB15,2/13/02 21:00,49.48010161
DB25,2/13/02 21:00,74.93977481
DB35,2/13/02 21:00,52.15951873
DB45,2/13/02 21:00,75.39660735
DB55,2/13/02 21:00,38.28659785
DB65,2/13/02 21:00,48.71836803
DB75,2/13/02 21:00,49.59515797
DB85,2/13/02 21:00,126.4381536
DB6,2/13/02 21:00,109.7851985
DB96,2/13/02 21:00,85.86471427
DB16,2/13/02 21:00,100.1601375
DB26,2/13/02 21:00,93.91340405
DB36,2/13/02 21:00,71.5604522
DB46,2/13/02 21:00,62.37295168
DB56,2/13/02 21:00,44.58400243
DB66,2/13/02 21:00,60.64012856
DB76,2/13/02 21:00,78.16236928
DB86,2/13/02 21:00,49.8894001
DB7,2/13/02 21:00,116.2242525
DB97,2/13/02 21:00,98.51481183
DB17,2/13/02 21:00,94.99727533
DB27,2/13/02 21:00,111.4176632
DB37,2/13/02 21:00,80.01050421
DB47,2/13/02 21:00,87.15968214
DB57,2/13/02 21:00,103.2235239
DB67,2/13/02 21:00,95.95876742
DB77,2/13/02 21:00,64.98419576
DB87,2/13/02 21:00,107.4158955
DB8,2/13/02 21:00,41.65120614
DB98,2/13/02 21:00,108.1198781
DB18,2/13/02 21:00,60.45284421
DB28,2/13/02 21:00,90.5234405
DB38,2/13/02 21:00,111.2910421
DB48,2/13/02 21:00,40.90706648
DB58,2/13/02 21:00,127.4322478
DB68,2/13/02 21:00,58.94288655
DB78,2/13/02 21:00,96.27756685
DB88,2/13/02 21:00,44.41889427
DB9,2/13/02 21:00,67.17767232
DB99,2/13/02 21:00,126.1302209
DB19,2/13/02 21:00,127.4323717
DB29,2/13/02 21:00,118.9812074
DB39,2/13/02 21:00,139.3115939
DB49,2/13/02 21:00,88.12435041
DB59,2/13/02 21:00,95.24073834
DB69,2/13/02 21:00,57.5806151
DB79,2/13/02 21:00,92.27311457
DB89,2/13/02 21:00,123.1594818
DB1,1/14/02 10:30,84.65275998
DB91,1/14/02 10:30,96.89259792
DB11,1/14/02 10:30,67.30874489
DB21,1/14/02 10:30,107.5927321
DB31,1/14/02 10:30,101.407504
DB41,1/14/02 10:30,112.1691056
DB51,1/14/02 10:30,117.3703954
DB61,1/14/02 10:30,117.1970661
DB71,1/14/02 10:30,84.8141946
DB81,1/14/02 10:30,129.4285456
DB10,1/14/02 10:30,77.91171854
DB100,1/14/02 10:30,76.29771898
DB20,1/14/02 10:30,63.64123121
DB30,1/14/02 10:30,57.65312627
DB40,1/14/02 10:30,83.82262689
DB50,1/14/02 10:30,82.0295743
DB60,1/14/02 10:30,39.91258941
DB70,1/14/02 10:30,65.59717366
DB80,1/14/02 10:30,125.7724777
DB90,1/14/02 10:30,87.4294019
DB2,1/14/02 10:30,73.41172422
DB92,1/14/02 10:30,102.3122125
DB12,1/14/02 10:30,121.0983468
DB22,1/14/02 10:30,47.25796052
DB32,1/14/02 10:30,58.08808473
DB42,1/14/02 10:30,61.13423835
DB52,1/14/02 10:30,63.54459742
DB62,1/14/02 10:30,102.8900319
DB72,1/14/02 10:30,80.93695662
DB82,1/14/02 10:30,51.57935487
DB3,1/14/02 10:30,42.66886848
DB93,1/14/02 10:30,58.57562871
DB13,1/14/02 10:30,125.6959155
DB23,1/14/02 10:30,66.3014265
DB33,1/14/02 10:30,44.38756053
DB43,1/14/02 10:30,52.23774186
DB53,1/14/02 10:30,60.45369635
DB63,1/14/02 10:30,140.1652938
DB73,1/14/02 10:30,82.28680979
DB83,1/14/02 10:30,134.7538429
DB4,1/14/02 10:30,128.8289315
DB94,1/14/02 10:30,118.6563501
DB14,1/14/02 10:30,114.3026267
DB24,1/14/02 10:30,111.9212671
DB34,1/14/02 10:30,87.44075994
DB44,1/14/02 10:30,126.8287204
DB54,1/14/02 10:30,47.12425075
DB64,1/14/02 10:30,119.4581397
DB74,1/14/02 10:30,117.0523541
DB84,1/14/02 10:30,94.40591511
DB5,1/14/02 10:30,33.68139174
DB95,1/14/02 10:30,53.09038274
DB15,1/14/02 10:30,53.32849836
DB25,1/14/02 10:30,68.49508983
DB35,1/14/02 10:30,50.93255956
DB45,1/14/02 10:30,78.59231606
DB55,1/14/02 10:30,41.39650596
DB65,1/14/02 10:30,52.87573572
DB75,1/14/02 10:30,64.73522257
DB85,1/14/02 10:30,110.8795909
DB6,1/14/02 10:30,100.061526
DB96,1/14/02 10:30,90.51214292
DB16,1/14/02 10:30,99.95989432
DB26,1/14/02 10:30,84.87264108
DB36,1/14/02 10:30,70.23264397
DB46,1/14/02 10:30,70.59732305
DB56,1/14/02 10:30,43.1102847
DB66,1/14/02 10:30,60.36495288
DB76,1/14/02 10:30,78.97030524
DB86,1/14/02 10:30,61.30993259
DB7,1/14/02 10:30,109.4284377
DB97,1/14/02 10:30,97.09019565
DB17,1/14/02 10:30,94.83568968
DB27,1/14/02 10:30,110.6277264
DB37,1/14/02 10:30,73.90372694
DB47,1/14/02 10:30,91.2166125
DB57,1/14/02 10:30,93.98069215
DB67,1/14/02 10:30,89.29174725
DB77,1/14/02 10:30,56.1888838
DB87,1/14/02 10:30,100.4238293
DB8,1/14/02 10:30,28.06470127
DB98,1/14/02 10:30,108.5107594
DB18,1/14/02 10:30,60.78792127
DB28,1/14/02 10:30,100.1112158
DB38,1/14/02 10:30,113.6561144
DB48,1/14/02 10:30,43.61731001
DB58,1/14/02 10:30,117.2224666
DB68,1/14/02 10:30,68.60739196
DB78,1/14/02 10:30,90.52151358
DB88,1/14/02 10:30,37.9078347
DB9,1/14/02 10:30,79.70175406
DB99,1/14/02 10:30,115.567612
DB19,1/14/02 10:30,133.8232955
DB29,1/14/02 10:30,120.2370173
DB39,1/14/02 10:30,131.0187337
DB49,1/14/02 10:30,84.18117579
DB59,1/14/02 10:30,81.48758422
DB69,1/14/02 10:30,52.47201789
DB79,1/14/02 10:30,93.19587311
DB89,1/14/02 10:30,106.6554627
DB1,12/15/01 0:00,75.42066292
DB91,12/15/01 0:00,97.88280471
DB11,12/15/01 0:00,59.14304679
DB21,12/15/01 0:00,93.62490351
DB31,12/15/01 0:00,89.43854749
DB41,12/15/01 0:00,114.6457762
DB51,12/15/01 0:00,114.6798135
DB61,12/15/01 0:00,121.586279
DB71,12/15/01 0:00,77.29545434
DB81,12/15/01 0:00,128.7948428
DB10,12/15/01 0:00,82.87481747
DB100,12/15/01 0:00,67.77569658
DB20,12/15/01 0:00,56.97436893
DB30,12/15/01 0:00,54.33079991
DB40,12/15/01 0:00,71.13448548
DB50,12/15/01 0:00,77.74226705
DB60,12/15/01 0:00,32.93088304
DB70,12/15/01 0:00,70.72815046
DB80,12/15/01 0:00,134.5385732
DB90,12/15/01 0:00,78.03606742
DB2,12/15/01 0:00,81.96723991
DB92,12/15/01 0:00,102.4890274
DB12,12/15/01 0:00,133.0179005
DB22,12/15/01 0:00,34.02763915
DB32,12/15/01 0:00,60.19096403
DB42,12/15/01 0:00,56.07461668
DB52,12/15/01 0:00,55.54235488
DB62,12/15/01 0:00,101.3085062
DB72,12/15/01 0:00,74.67537968
DB82,12/15/01 0:00,60.81001153
DB3,12/15/01 0:00,49.43861315
DB93,12/15/01 0:00,52.22159439
DB13,12/15/01 0:00,121.088065
DB23,12/15/01 0:00,70.325335
DB33,12/15/01 0:00,39.01173755
DB43,12/15/01 0:00,56.98347448
DB53,12/15/01 0:00,62.42980604
DB63,12/15/01 0:00,133.8454354
DB73,12/15/01 0:00,77.74139673
DB83,12/15/01 0:00,132.7225501
DB4,12/15/01 0:00,126.4025389
DB94,12/15/01 0:00,123.6862525
DB14,12/15/01 0:00,99.54539773
DB24,12/15/01 0:00,110.9737757
DB34,12/15/01 0:00,90.50514405
DB44,12/15/01 0:00,121.3203861
DB54,12/15/01 0:00,45.72908952
DB64,12/15/01 0:00,113.3151426
DB74,12/15/01 0:00,114.7459809
DB84,12/15/01 0:00,108.5269851
DB5,12/15/01 0:00,29.52467469
DB95,12/15/01 0:00,48.46046191
DB15,12/15/01 0:00,50.44522764
DB25,12/15/01 0:00,73.26388241
DB35,12/15/01 0:00,49.19493379
DB45,12/15/01 0:00,70.29253196
DB55,12/15/01 0:00,39.53521584
DB65,12/15/01 0:00,52.64245652
DB75,12/15/01 0:00,49.09125047
DB85,12/15/01 0:00,108.9743395
DB6,12/15/01 0:00,109.425372
DB96,12/15/01 0:00,98.6010755
DB16,12/15/01 0:00,100.4276881
DB26,12/15/01 0:00,89.24879434
DB36,12/15/01 0:00,62.08509981
DB46,12/15/01 0:00,56.96367941
DB56,12/15/01 0:00,33.6589447
DB66,12/15/01 0:00,54.48291351
DB76,12/15/01 0:00,79.81282097
DB86,12/15/01 0:00,44.41883561
DB7,12/15/01 0:00,124.9649733
DB97,12/15/01 0:00,96.9314531
DB17,12/15/01 0:00,76.81276575
DB27,12/15/01 0:00,112.6495501
DB37,12/15/01 0:00,80.95300892
DB47,12/15/01 0:00,75.67808175
DB57,12/15/01 0:00,103.8674258
DB67,12/15/01 0:00,97.30187375
DB77,12/15/01 0:00,48.89686823
DB87,12/15/01 0:00,92.06523472
DB8,12/15/01 0:00,35.02026781
DB98,12/15/01 0:00,104.3874703
DB18,12/15/01 0:00,56.10447369
DB28,12/15/01 0:00,98.66846534
DB38,12/15/01 0:00,105.6612329
DB48,12/15/01 0:00,40.36973931
DB58,12/15/01 0:00,116.9122618
DB68,12/15/01 0:00,59.33802786
DB78,12/15/01 0:00,92.31683682
DB88,12/15/01 0:00,37.2952856
DB9,12/15/01 0:00,70.76546823
DB99,12/15/01 0:00,114.5863174
DB19,12/15/01 0:00,128.2607168
DB29,12/15/01 0:00,121.2400144
DB39,12/15/01 0:00,121.2784596
DB49,12/15/01 0:00,75.72564189
DB59,12/15/01 0:00,85.24304382
DB69,12/15/01 0:00,48.66761328
DB79,12/15/01 0:00,90.60957409
DB89,12/15/01 0:00,115.4227919
DB1,11/14/01 13:30,73.79526818
DB91,11/14/01 13:30,94.23051737
DB11,11/14/01 13:30,66.46230295
DB21,11/14/01 13:30,106.185041
DB31,11/14/01 13:30,98.21330419
DB41,11/14/01 13:30,101.9548561
DB51,11/14/01 13:30,114.1456958
DB61,11/14/01 13:30,114.828204
DB71,11/14/01 13:30,75.14569084
DB81,11/14/01 13:30,131.5452358
DB10,11/14/01 13:30,89.20672811
DB100,11/14/01 13:30,60.19858424
DB20,11/14/01 13:30,58.95246508
DB30,11/14/01 13:30,41.86303393
DB40,11/14/01 13:30,72.68120561
DB50,11/14/01 13:30,86.42336633
DB60,11/14/01 13:30,43.69399474
DB70,11/14/01 13:30,63.47590464
DB80,11/14/01 13:30,123.5039317
DB90,11/14/01 13:30,73.86376436
DB2,11/14/01 13:30,80.00045026
DB92,11/14/01 13:30,93.50274476
DB12,11/14/01 13:30,128.0548742
DB22,11/14/01 13:30,39.70405884
DB32,11/14/01 13:30,47.43540559
DB42,11/14/01 13:30,46.66911374
DB52,11/14/01 13:30,50.09379797
DB62,11/14/01 13:30,101.5508313
DB72,11/14/01 13:30,74.56748984
DB82,11/14/01 13:30,54.0909967
DB3,11/14/01 13:30,47.6045792
DB93,11/14/01 13:30,57.06076112
DB13,11/14/01 13:30,115.7037962
DB23,11/14/01 13:30,65.59060992
DB33,11/14/01 13:30,40.48717949
DB43,11/14/01 13:30,45.79860147
DB53,11/14/01 13:30,62.49598053
DB63,11/14/01 13:30,124.6899123
DB73,11/14/01 13:30,78.66248003
DB83,11/14/01 13:30,128.5164163
DB4,11/14/01 13:30,129.0407777
DB94,11/14/01 13:30,120.8527621
DB14,11/14/01 13:30,97.3036181
DB24,11/14/01 13:30,103.6713482
DB34,11/14/01 13:30,83.2759523
DB44,11/14/01 13:30,127.3922802
DB54,11/14/01 13:30,46.94820165
DB64,11/14/01 13:30,115.7466075
DB74,11/14/01 13:30,115.0674845
DB84,11/14/01 13:30,110.7034274
DB5,11/14/01 13:30,36.05594316
DB95,11/14/01 13:30,46.97091341
DB15,11/14/01 13:30,49.85966482
DB25,11/14/01 13:30,61.61196906
DB35,11/14/01 13:30,42.33499454
DB45,11/14/01 13:30,70.63743578
DB55,11/14/01 13:30,42.73000166
DB65,11/14/01 13:30,39.9261166
DB75,11/14/01 13:30,45.51453192
DB85,11/14/01 13:30,105.5563179
DB6,11/14/01 13:30,105.8106943
DB96,11/14/01 13:30,86.78158355
DB16,11/14/01 13:30,95.2916404
DB26,11/14/01 13:30,89.64956127
DB36,11/14/01 13:30,58.31572625
DB46,11/14/01 13:30,65.47984107
DB56,11/14/01 13:30,42.76187027
DB66,11/14/01 13:30,58.61340592
DB76,11/14/01 13:30,74.27419268
DB86,11/14/01 13:30,45.6379613
DB7,11/14/01 13:30,101.426949
DB97,11/14/01 13:30,89.2655279
DB17,11/14/01 13:30,71.49618027
DB27,11/14/01 13:30,102.2169942
DB37,11/14/01 13:30,73.70796807
DB47,11/14/01 13:30,89.35692601
DB57,11/14/01 13:30,98.41637255
DB67,11/14/01 13:30,87.80044829
DB77,11/14/01 13:30,61.77674719
DB87,11/14/01 13:30,94.30265936
DB8,11/14/01 13:30,32.62625109
DB98,11/14/01 13:30,100.5007607
DB18,11/14/01 13:30,59.55481948
DB28,11/14/01 13:30,102.5313926
DB38,11/14/01 13:30,110.3225183
DB48,11/14/01 13:30,30.92157765
DB58,11/14/01 13:30,113.3893095
DB68,11/14/01 13:30,64.48713167
DB78,11/14/01 13:30,82.24804785
DB88,11/14/01 13:30,36.91176773
DB9,11/14/01 13:30,62.53849668
DB99,11/14/01 13:30,108.4722658
DB19,11/14/01 13:30,128.0508706
DB29,11/14/01 13:30,126.0686376
DB39,11/14/01 13:30,118.4597941
DB49,11/14/01 13:30,68.37736827
DB59,11/14/01 13:30,89.40167426
DB69,11/14/01 13:30,42.74754724
DB79,11/14/01 13:30,99.35654345
DB89,11/14/01 13:30,105.7684739
DB1,10/15/01 3:00,86.20424084
DB91,10/15/01 3:00,88.45210499
DB11,10/15/01 3:00,53.25147351
DB21,10/15/01 3:00,90.01564716
DB31,10/15/01 3:00,88.97859639
DB41,10/15/01 3:00,93.25659493
DB51,10/15/01 3:00,108.2753272
DB61,10/15/01 3:00,104.1797991
DB71,10/15/01 3:00,73.60314083
DB81,10/15/01 3:00,117.4967642
DB10,10/15/01 3:00,69.91120291
DB100,10/15/01 3:00,65.35492156
DB20,10/15/01 3:00,53.96632073
DB30,10/15/01 3:00,42.60817079
DB40,10/15/01 3:00,78.9771559
DB50,10/15/01 3:00,87.81985545
DB60,10/15/01 3:00,33.06811647
DB70,10/15/01 3:00,62.3584247
DB80,10/15/01 3:00,126.9392577
DB90,10/15/01 3:00,67.0476075
DB2,10/15/01 3:00,78.17553547
DB92,10/15/01 3:00,93.39557078
DB12,10/15/01 3:00,118.4792674
DB22,10/15/01 3:00,28.94416108
DB32,10/15/01 3:00,38.58848467
DB42,10/15/01 3:00,52.94296217
DB52,10/15/01 3:00,60.13920955
DB62,10/15/01 3:00,99.0317749
DB72,10/15/01 3:00,75.89970178
DB82,10/15/01 3:00,51.83224261
DB3,10/15/01 3:00,39.54045618
DB93,10/15/01 3:00,50.72239444
DB13,10/15/01 3:00,112.8906071
DB23,10/15/01 3:00,65.8858517
DB33,10/15/01 3:00,43.80070237
DB43,10/15/01 3:00,63.28582966
DB53,10/15/01 3:00,64.61283783
DB63,10/15/01 3:00,138.2951863
DB73,10/15/01 3:00,75.0749394
DB83,10/15/01 3:00,122.0912723
DB4,10/15/01 3:00,132.566515
DB94,10/15/01 3:00,113.9986985
DB14,10/15/01 3:00,88.54397665
DB24,10/15/01 3:00,101.0910585
DB34,10/15/01 3:00,80.20800511
DB44,10/15/01 3:00,124.8220768
DB54,10/15/01 3:00,45.52200744
DB64,10/15/01 3:00,114.9540316
DB74,10/15/01 3:00,99.23738663
DB84,10/15/01 3:00,105.3518876
DB5,10/15/01 3:00,33.48214631
DB95,10/15/01 3:00,37.13148018
DB15,10/15/01 3:00,40.92795197
DB25,10/15/01 3:00,68.65271311
DB35,10/15/01 3:00,45.92523718
DB45,10/15/01 3:00,73.50678805
DB55,10/15/01 3:00,36.04283191
DB65,10/15/01 3:00,39.43345986
DB75,10/15/01 3:00,41.61511907
DB85,10/15/01 3:00,102.4875468
DB6,10/15/01 3:00,92.47539856
DB96,10/15/01 3:00,83.35336027
DB16,10/15/01 3:00,81.10925566
DB26,10/15/01 3:00,90.62422363
DB36,10/15/01 3:00,57.57568664
DB46,10/15/01 3:00,59.87603961
DB56,10/15/01 3:00,29.15381299
DB66,10/15/01 3:00,55.0530582
DB76,10/15/01 3:00,84.27706166
DB86,10/15/01 3:00,44.83428399
DB7,10/15/01 3:00,111.3406191
DB97,10/15/01 3:00,96.61903896
DB17,10/15/01 3:00,83.2879647
DB27,10/15/01 3:00,113.8016933
DB37,10/15/01 3:00,68.67092952
DB47,10/15/01 3:00,85.88520178
DB57,10/15/01 3:00,98.03205472
DB67,10/15/01 3:00,89.13035206
DB77,10/15/01 3:00,57.02592206
DB87,10/15/01 3:00,97.01288077
DB8,10/15/01 3:00,21.40909626
DB98,10/15/01 3:00,103.6830245
DB18,10/15/01 3:00,50.71015614
DB28,10/15/01 3:00,96.89757779
DB38,10/15/01 3:00,96.24443714
DB48,10/15/01 3:00,33.85247171
DB58,10/15/01 3:00,98.33482643
DB68,10/15/01 3:00,54.14767035
DB78,10/15/01 3:00,78.81820904
DB88,10/15/01 3:00,34.5739586
DB9,10/15/01 3:00,65.81789474
DB99,10/15/01 3:00,107.7812811
DB19,10/15/01 3:00,121.6614955
DB29,10/15/01 3:00,118.5559826
DB39,10/15/01 3:00,108.4311533
DB49,10/15/01 3:00,85.13050946
DB59,10/15/01 3:00,88.32745157
DB69,10/15/01 3:00,41.57036005
DB79,10/15/01 3:00,93.02951761
DB89,10/15/01 3:00,113.3874167
DB1,9/14/01 16:30,71.90258513
DB91,9/14/01 16:30,94.78818903
DB11,9/14/01 16:30,59.79118656
DB21,9/14/01 16:30,101.6700134
DB31,9/14/01 16:30,91.89402147
DB41,9/14/01 16:30,95.10840821
DB51,9/14/01 16:30,106.0329681
DB61,9/14/01 16:30,113.455412
DB71,9/14/01 16:30,71.51747819
DB81,9/14/01 16:30,117.2187281
DB10,9/14/01 16:30,79.93176454
DB100,9/14/01 16:30,63.21367788
DB20,9/14/01 16:30,46.05255074
DB30,9/14/01 16:30,51.9809601
DB40,9/14/01 16:30,63.59213704
DB50,9/14/01 16:30,82.5594689
DB60,9/14/01 16:30,28.98402363
DB70,9/14/01 16:30,69.30828485
DB80,9/14/01 16:30,119.2813091
DB90,9/14/01 16:30,71.55649187
DB2,9/14/01 16:30,80.74934024
DB92,9/14/01 16:30,97.27561453
DB12,9/14/01 16:30,126.0187752
DB22,9/14/01 16:30,36.51039685
DB32,9/14/01 16:30,46.45207345
DB42,9/14/01 16:30,49.02811431
DB52,9/14/01 16:30,51.97542387
DB62,9/14/01 16:30,99.5348386
DB72,9/14/01 16:30,72.9721592
DB82,9/14/01 16:30,52.15788506
DB3,9/14/01 16:30,31.31027856
DB93,9/14/01 16:30,55.58489123
DB13,9/14/01 16:30,117.6943603
DB23,9/14/01 16:30,60.81277855
DB33,9/14/01 16:30,55.71268321
DB43,9/14/01 16:30,55.47610102
DB53,9/14/01 16:30,56.58789205
DB63,9/14/01 16:30,131.8867118
DB73,9/14/01 16:30,71.07759568
DB83,9/14/01 16:30,119.0538648
DB4,9/14/01 16:30,127.5177566
DB94,9/14/01 16:30,121.5942231
DB14,9/14/01 16:30,87.53713116
DB24,9/14/01 16:30,103.9035841
DB34,9/14/01 16:30,68.42030049
DB44,9/14/01 16:30,116.9770235
DB54,9/14/01 16:30,38.81189808
DB64,9/14/01 16:30,105.1728902
DB74,9/14/01 16:30,113.7881372
DB84,9/14/01 16:30,95.83006416
DB5,9/14/01 16:30,32.55798271
DB95,9/14/01 16:30,42.83675617
DB15,9/14/01 16:30,42.31500752
DB25,9/14/01 16:30,70.09762854
DB35,9/14/01 16:30,34.81100128
DB45,9/14/01 16:30,69.77481471
DB55,9/14/01 16:30,39.01613126
DB65,9/14/01 16:30,41.38305434
DB75,9/14/01 16:30,38.87019495
DB85,9/14/01 16:30,107.2207115
DB6,9/14/01 16:30,96.668813
DB96,9/14/01 16:30,80.151802
DB16,9/14/01 16:30,89.05672691
DB26,9/14/01 16:30,74.06780502
DB36,9/14/01 16:30,46.4684831
DB46,9/14/01 16:30,49.04687856
DB56,9/14/01 16:30,27.4565417
DB66,9/14/01 16:30,55.28965801
DB76,9/14/01 16:30,58.42565886
DB86,9/14/01 16:30,48.44519368
DB7,9/14/01 16:30,105.6933106
DB97,9/14/01 16:30,87.23717031
DB17,9/14/01 16:30,77.48798276
DB27,9/14/01 16:30,104.2966779
DB37,9/14/01 16:30,73.37065979
DB47,9/14/01 16:30,85.94326085
DB57,9/14/01 16:30,96.74835557
DB67,9/14/01 16:30,81.54926341
DB77,9/14/01 16:30,55.82399042
DB87,9/14/01 16:30,107.5645578
DB8,9/14/01 16:30,32.44799051
DB98,9/14/01 16:30,93.04208652
DB18,9/14/01 16:30,46.81881586
DB28,9/14/01 16:30,82.52993949
DB38,9/14/01 16:30,111.12351
DB48,9/14/01 16:30,29.5242897
DB58,9/14/01 16:30,101.7381964
DB68,9/14/01 16:30,52.21334838
DB78,9/14/01 16:30,89.1764794
DB88,9/14/01 16:30,27.93089382
DB9,9/14/01 16:30,58.79405303
DB99,9/14/01 16:30,101.718723
DB19,9/14/01 16:30,119.685187
DB29,9/14/01 16:30,118.7730964
DB39,9/14/01 16:30,116.666323
DB49,9/14/01 16:30,69.41574948
DB59,9/14/01 16:30,86.81517485
DB69,9/14/01 16:30,44.65463652
DB79,9/14/01 16:30,72.11718364
DB89,9/14/01 16:30,113.369726
DB1,8/15/01 6:00,62.81710521
DB91,8/15/01 6:00,88.99534292
DB11,8/15/01 6:00,57.32968914
DB21,8/15/01 6:00,85.68277132
DB31,8/15/01 6:00,86.80462672
DB41,8/15/01 6:00,90.73889295
DB51,8/15/01 6:00,115.2493025
DB61,8/15/01 6:00,108.5687309
DB71,8/15/01 6:00,80.20963093
DB81,8/15/01 6:00,117.0550252
DB10,8/15/01 6:00,67.26480216
DB100,8/15/01 6:00,62.40815515
DB20,8/15/01 6:00,54.19516517
DB30,8/15/01 6:00,42.6563041
DB40,8/15/01 6:00,74.55974964
DB50,8/15/01 6:00,81.94457049
DB60,8/15/01 6:00,29.92436372
DB70,8/15/01 6:00,61.66245517
DB80,8/15/01 6:00,117.1305288
DB90,8/15/01 6:00,63.75203936
DB2,8/15/01 6:00,61.8776175
DB92,8/15/01 6:00,82.86297608
DB12,8/15/01 6:00,120.7351731
DB22,8/15/01 6:00,27.13923941
DB32,8/15/01 6:00,37.41788663
DB42,8/15/01 6:00,50.7707799
DB52,8/15/01 6:00,53.69195352
DB62,8/15/01 6:00,97.17151417
DB72,8/15/01 6:00,71.02047866
DB82,8/15/01 6:00,51.62934032
DB3,8/15/01 6:00,36.31580554
DB93,8/15/01 6:00,53.25411217
DB13,8/15/01 6:00,113.607082
DB23,8/15/01 6:00,55.91449855
DB33,8/15/01 6:00,41.10261202
DB43,8/15/01 6:00,50.32197284
DB53,8/15/01 6:00,48.43929247
DB63,8/15/01 6:00,115.7571209
DB73,8/15/01 6:00,77.41859961
DB83,8/15/01 6:00,118.4037704
DB4,8/15/01 6:00,123.1628869
DB94,8/15/01 6:00,116.6336645
DB14,8/15/01 6:00,84.28416723
DB24,8/15/01 6:00,99.21347495
DB34,8/15/01 6:00,70.54775465
DB44,8/15/01 6:00,111.4720732
DB54,8/15/01 6:00,29.81101145
DB64,8/15/01 6:00,98.74029693
DB74,8/15/01 6:00,102.2225153
DB84,8/15/01 6:00,99.67330521
DB5,8/15/01 6:00,28.129434
DB95,8/15/01 6:00,42.14639648
DB15,8/15/01 6:00,35.87723676
DB25,8/15/01 6:00,70.00319352
DB35,8/15/01 6:00,36.99447811
DB45,8/15/01 6:00,61.74718185
DB55,8/15/01 6:00,37.08005339
DB65,8/15/01 6:00,32.83078949
DB75,8/15/01 6:00,48.08687158
DB85,8/15/01 6:00,102.1461249
DB6,8/15/01 6:00,86.97069021
DB96,8/15/01 6:00,85.728325
DB16,8/15/01 6:00,92.67616045
DB26,8/15/01 6:00,80.6223715
DB36,8/15/01 6:00,52.66005701
DB46,8/15/01 6:00,52.17731681
DB56,8/15/01 6:00,27.05320868
DB66,8/15/01 6:00,45.81391607
DB76,8/15/01 6:00,63.21026182
DB86,8/15/01 6:00,32.29501201
DB7,8/15/01 6:00,96.34803093
DB97,8/15/01 6:00,87.84742469
DB17,8/15/01 6:00,75.62570344
DB27,8/15/01 6:00,89.27388377
DB37,8/15/01 6:00,63.27255264
DB47,8/15/01 6:00,81.23761172
DB57,8/15/01 6:00,98.44732826
DB67,8/15/01 6:00,76.00852303
DB77,8/15/01 6:00,47.47056095
DB87,8/15/01 6:00,87.89892382
DB8,8/15/01 6:00,18.88426053
DB98,8/15/01 6:00,99.94623165
DB18,8/15/01 6:00,48.87346668
DB28,8/15/01 6:00,90.24580374
DB38,8/15/01 6:00,94.92709721
DB48,8/15/01 6:00,22.05671178
DB58,8/15/01 6:00,99.97581305
DB68,8/15/01 6:00,48.77430526
DB78,8/15/01 6:00,80.94824982
DB88,8/15/01 6:00,37.03041239
DB9,8/15/01 6:00,67.93457394
DB99,8/15/01 6:00,107.965878
DB19,8/15/01 6:00,111.5995766
DB29,8/15/01 6:00,120.5681174
DB39,8/15/01 6:00,118.1871195
DB49,8/15/01 6:00,78.32262374
DB59,8/15/01 6:00,86.75968272
DB69,8/15/01 6:00,34.16852706
DB79,8/15/01 6:00,79.0412251
DB89,8/15/01 6:00,112.0893899
DB1,7/15/01 19:30,70.52826949
DB91,7/15/01 19:30,102.0746858
DB11,7/15/01 19:30,64.22281112
DB21,7/15/01 19:30,93.87861195
DB31,7/15/01 19:30,82.07869331
DB41,7/15/01 19:30,98.63272191
DB51,7/15/01 19:30,107.3007456
DB61,7/15/01 19:30,109.808264
DB71,7/15/01 19:30,63.84358004
DB81,7/15/01 19:30,117.1910741
DB10,7/15/01 19:30,66.87280264
DB100,7/15/01 19:30,62.4150633
DB20,7/15/01 19:30,55.48449466
DB30,7/15/01 19:30,47.84663569
DB40,7/15/01 19:30,70.44120604
DB50,7/15/01 19:30,73.28444573
DB60,7/15/01 19:30,27.23907756
DB70,7/15/01 19:30,71.32863571
DB80,7/15/01 19:30,125.7421871
DB90,7/15/01 19:30,66.60120075
DB2,7/15/01 19:30,67.7026723
DB92,7/15/01 19:30,87.66516892
DB12,7/15/01 19:30,116.4013732
DB22,7/15/01 19:30,31.46797951
DB32,7/15/01 19:30,30.34955313
DB42,7/15/01 19:30,39.74808457
DB52,7/15/01 19:30,62.36652115
DB62,7/15/01 19:30,97.51878096
DB72,7/15/01 19:30,62.16291727
DB82,7/15/01 19:30,45.08738624
DB3,7/15/01 19:30,39.59155219
DB93,7/15/01 19:30,50.19059643
DB13,7/15/01 19:30,111.3316803
DB23,7/15/01 19:30,49.02780965
DB33,7/15/01 19:30,39.67806255
DB43,7/15/01 19:30,45.9275679
DB53,7/15/01 19:30,59.34847874
DB63,7/15/01 19:30,120.7777612
DB73,7/15/01 19:30,56.80435019
DB83,7/15/01 19:30,111.3670201
DB4,7/15/01 19:30,123.5579902
DB94,7/15/01 19:30,91.74217891
DB14,7/15/01 19:30,82.34893358
DB24,7/15/01 19:30,97.72592876
DB34,7/15/01 19:30,76.46478152
DB44,7/15/01 19:30,122.1390988
DB54,7/15/01 19:30,28.12138823
DB64,7/15/01 19:30,107.2804595
DB74,7/15/01 19:30,96.83289847
DB84,7/15/01 19:30,89.64567387
DB5,7/15/01 19:30,28.96533393
DB95,7/15/01 19:30,33.07789122
DB15,7/15/01 19:30,42.93763397
DB25,7/15/01 19:30,64.0347311
DB35,7/15/01 19:30,40.90963626
DB45,7/15/01 19:30,65.0906186
DB55,7/15/01 19:30,28.72562608
DB65,7/15/01 19:30,32.50606772
DB75,7/15/01 19:30,44.55295941
DB85,7/15/01 19:30,109.00481
DB6,7/15/01 19:30,98.37269807
DB96,7/15/01 19:30,75.57370027
DB16,7/15/01 19:30,85.66498967
DB26,7/15/01 19:30,83.94971346
DB36,7/15/01 19:30,43.09358845
DB46,7/15/01 19:30,46.01658149
DB56,7/15/01 19:30,24.45173266
DB66,7/15/01 19:30,52.08335709
DB76,7/15/01 19:30,73.33530017
DB86,7/15/01 19:30,36.60016373
DB7,7/15/01 19:30,95.81754023
DB97,7/15/01 19:30,84.84614018
DB17,7/15/01 19:30,69.62948533
DB27,7/15/01 19:30,108.7482242
DB37,7/15/01 19:30,68.0187299
DB47,7/15/01 19:30,75.18297037
DB57,7/15/01 19:30,83.69479473
DB67,7/15/01 19:30,79.49579308
DB77,7/15/01 19:30,47.22613581
DB87,7/15/01 19:30,96.73961262
DB8,7/15/01 19:30,21.1208127
DB98,7/15/01 19:30,106.3610241
DB18,7/15/01 19:30,44.19925392
DB28,7/15/01 19:30,91.74140349
DB38,7/15/01 19:30,93.92151075
DB48,7/15/01 19:30,26.00363391
DB58,7/15/01 19:30,115.1998727
DB68,7/15/01 19:30,59.66542199
DB78,7/15/01 19:30,77.40058289
DB88,7/15/01 19:30,32.15300563
DB9,7/15/01 19:30,50.20279458
DB99,7/15/01 19:30,105.4632907
DB19,7/15/01 19:30,120.0405398
DB29,7/15/01 19:30,114.9535113
DB39,7/15/01 19:30,103.7562056
DB49,7/15/01 19:30,74.79257858
DB59,7/15/01 19:30,84.61771198
DB69,7/15/01 19:30,37.2802311
DB79,7/15/01 19:30,75.8197312
DB89,7/15/01 19:30,104.3785216
DB1,6/15/01 9:00,69.98822599
DB91,6/15/01 9:00,96.95131533
DB11,6/15/01 9:00,58.75866776
DB21,6/15/01 9:00,89.1176058
DB31,6/15/01 9:00,86.29747501
DB41,6/15/01 9:00,94.85877107
DB51,6/15/01 9:00,102.9360071
DB61,6/15/01 9:00,111.251725
DB71,6/15/01 9:00,65.38072647
DB81,6/15/01 9:00,116.0158034
DB10,6/15/01 9:00,70.14169599
DB100,6/15/01 9:00,67.50693965
DB20,6/15/01 9:00,49.36584171
DB30,6/15/01 9:00,44.38725244
DB40,6/15/01 9:00,65.22697988
DB50,6/15/01 9:00,75.58345822
DB60,6/15/01 9:00,25.0740704
DB70,6/15/01 9:00,55.69695597
DB80,6/15/01 9:00,117.168731
DB90,6/15/01 9:00,56.02098802
DB2,6/15/01 9:00,68.1105252
DB92,6/15/01 9:00,77.6356718
DB12,6/15/01 9:00,118.1281806
DB22,6/15/01 9:00,25.14177897
DB32,6/15/01 9:00,39.8236355
DB42,6/15/01 9:00,44.45998948
DB52,6/15/01 9:00,52.74188476
DB62,6/15/01 9:00,85.84389672
DB72,6/15/01 9:00,69.92711244
DB82,6/15/01 9:00,48.29319805
DB3,6/15/01 9:00,35.82833292
DB93,6/15/01 9:00,38.4356893
DB13,6/15/01 9:00,97.42431984
DB23,6/15/01 9:00,63.48196943
DB33,6/15/01 9:00,42.08830441
DB43,6/15/01 9:00,52.44927195
DB53,6/15/01 9:00,57.94716805
DB63,6/15/01 9:00,117.534974
DB73,6/15/01 9:00,63.20652237
DB83,6/15/01 9:00,109.7115625
DB4,6/15/01 9:00,119.1623342
DB94,6/15/01 9:00,106.7123189
DB14,6/15/01 9:00,78.30406519
DB24,6/15/01 9:00,99.00410507
DB34,6/15/01 9:00,66.21851222
DB44,6/15/01 9:00,109.3964361
DB54,6/15/01 9:00,37.55176699
DB64,6/15/01 9:00,103.4215718
DB74,6/15/01 9:00,103.431792
DB84,6/15/01 9:00,96.86241308
DB5,6/15/01 9:00,28.12294921
DB95,6/15/01 9:00,32.18654511
DB15,6/15/01 9:00,38.51394521
DB25,6/15/01 9:00,62.61062791
DB35,6/15/01 9:00,39.02457676
DB45,6/15/01 9:00,68.99661794
DB55,6/15/01 9:00,28.28636738
DB65,6/15/01 9:00,36.09745349
DB75,6/15/01 9:00,31.48927029
DB85,6/15/01 9:00,112.6271014
DB6,6/15/01 9:00,93.81364135
DB96,6/15/01 9:00,74.92330834
DB16,6/15/01 9:00,89.97970857
DB26,6/15/01 9:00,73.91105225
DB36,6/15/01 9:00,48.76253093
DB46,6/15/01 9:00,48.92754118
DB56,6/15/01 9:00,19.75489084
DB66,6/15/01 9:00,46.08446211
DB76,6/15/01 9:00,65.29739237
DB86,6/15/01 9:00,30.55642133
DB7,6/15/01 9:00,94.68633881
DB97,6/15/01 9:00,80.17579508
DB17,6/15/01 9:00,83.29374385
DB27,6/15/01 9:00,98.64052232
DB37,6/15/01 9:00,64.91038408
DB47,6/15/01 9:00,68.63565166
DB57,6/15/01 9:00,86.19393469
DB67,6/15/01 9:00,81.422509
DB77,6/15/01 9:00,51.75988232
DB87,6/15/01 9:00,80.40315052
DB8,6/15/01 9:00,19.2827351
DB98,6/15/01 9:00,101.5084728
DB18,6/15/01 9:00,37.62729685
DB28,6/15/01 9:00,90.41686055
DB38,6/15/01 9:00,101.0629332
DB48,6/15/01 9:00,21.89457723
DB58,6/15/01 9:00,105.1460574
DB68,6/15/01 9:00,50.57985789
DB78,6/15/01 9:00,81.92034149
DB88,6/15/01 9:00,26.9010986
DB9,6/15/01 9:00,52.85340974
DB99,6/15/01 9:00,101.6816089
DB19,6/15/01 9:00,115.6487611
DB29,6/15/01 9:00,106.3287979
DB39,6/15/01 9:00,116.7904246
DB49,6/15/01 9:00,69.19331015
DB59,6/15/01 9:00,82.21391813
DB69,6/15/01 9:00,46.65093059
DB79,6/15/01 9:00,74.52716848
DB89,6/15/01 9:00,109.6647091
DB1,5/15/01 22:30,65.37017113
DB91,5/15/01 22:30,88.86057751
DB11,5/15/01 22:30,53.89036093
DB21,5/15/01 22:30,80.97878988
DB31,5/15/01 22:30,87.0693437
DB41,5/15/01 22:30,86.09613883
DB51,5/15/01 22:30,99.42439294
DB61,5/15/01 22:30,99.88768032
DB71,5/15/01 22:30,65.50994433
DB81,5/15/01 22:30,104.8730655
DB10,5/15/01 22:30,76.1524662
DB100,5/15/01 22:30,56.26696709
DB20,5/15/01 22:30,45.01298697
DB30,5/15/01 22:30,34.94163791
DB40,5/15/01 22:30,69.48552962
DB50,5/15/01 22:30,82.60603411
DB60,5/15/01 22:30,26.05391219
DB70,5/15/01 22:30,61.08402052
DB80,5/15/01 22:30,113.0717441
DB90,5/15/01 22:30,67.3501906
DB2,5/15/01 22:30,72.41315747
DB92,5/15/01 22:30,83.62466955
DB12,5/15/01 22:30,115.9228126
DB22,5/15/01 22:30,21.65559631
DB32,5/15/01 22:30,24.06475959
DB42,5/15/01 22:30,43.70576658
DB52,5/15/01 22:30,40.76492087
DB62,5/15/01 22:30,97.70708806
DB72,5/15/01 22:30,66.89564541
DB82,5/15/01 22:30,46.77553626
DB3,5/15/01 22:30,31.39635473
DB93,5/15/01 22:30,49.55882426
DB13,5/15/01 22:30,102.1209143
DB23,5/15/01 22:30,46.52585687
DB33,5/15/01 22:30,33.74344428
DB43,5/15/01 22:30,36.81582607
DB53,5/15/01 22:30,55.81518175
DB63,5/15/01 22:30,121.695012
DB73,5/15/01 22:30,68.00124162
DB83,5/15/01 22:30,115.6624211
DB4,5/15/01 22:30,118.3898316
DB94,5/15/01 22:30,94.41072964
DB14,5/15/01 22:30,80.370597
DB24,5/15/01 22:30,85.11090857
DB34,5/15/01 22:30,69.6699715
DB44,5/15/01 22:30,116.9309286
DB54,5/15/01 22:30,29.33803646
DB64,5/15/01 22:30,104.4983535
DB74,5/15/01 22:30,112.2526245
DB84,5/15/01 22:30,91.36132466
DB5,5/15/01 22:30,21.10069643
DB95,5/15/01 22:30,32.77151053
DB15,5/15/01 22:30,40.15683414
DB25,5/15/01 22:30,62.78254442
DB35,5/15/01 22:30,29.62027127
DB45,5/15/01 22:30,65.10505322
DB55,5/15/01 22:30,20.91147433
DB65,5/15/01 22:30,33.84411647
DB75,5/15/01 22:30,26.97595384
DB85,5/15/01 22:30,96.89556316
DB6,5/15/01 22:30,89.32331437
DB96,5/15/01 22:30,64.32870171
DB16,5/15/01 22:30,83.62279078
DB26,5/15/01 22:30,77.20295445
DB36,5/15/01 22:30,53.89363586
DB46,5/15/01 22:30,49.1871161
DB56,5/15/01 22:30,22.08905367
DB66,5/15/01 22:30,44.89233273
DB76,5/15/01 22:30,62.54754572
DB86,5/15/01 22:30,29.59671341
DB7,5/15/01 22:30,92.22712729
DB97,5/15/01 22:30,85.63032866
DB17,5/15/01 22:30,71.79451186
DB27,5/15/01 22:30,90.44324088
DB37,5/15/01 22:30,67.1636519
DB47,5/15/01 22:30,77.83329412
DB57,5/15/01 22:30,86.62758854
DB67,5/15/01 22:30,78.31596891
DB77,5/15/01 22:30,37.26121929
DB87,5/15/01 22:30,82.73125251
DB8,5/15/01 22:30,21.38961815
DB98,5/15/01 22:30,94.67966659
DB18,5/15/01 22:30,29.41310952
DB28,5/15/01 22:30,81.35462814
DB38,5/15/01 22:30,99.21937447
DB48,5/15/01 22:30,23.8048855
DB58,5/15/01 22:30,100.7586758
DB68,5/15/01 22:30,50.94207697
DB78,5/15/01 22:30,82.87710305
DB88,5/15/01 22:30,21.41479404
DB9,5/15/01 22:30,50.12985508
DB99,5/15/01 22:30,104.7628304
DB19,5/15/01 22:30,104.2930999
DB29,5/15/01 22:30,113.5787407
DB39,5/15/01 22:30,112.7653337
DB49,5/15/01 22:30,53.72776081
DB59,5/15/01 22:30,76.19115355
DB69,5/15/01 22:30,46.01949305
DB79,5/15/01 22:30,72.87335313
DB89,5/15/01 22:30,105.9502538
DB1,4/15/01 12:00,61.9115024
DB91,4/15/01 12:00,81.54404009
DB11,4/15/01 12:00,50.74080761
DB21,4/15/01 12:00,83.15193495
DB31,4/15/01 12:00,82.62041459
DB41,4/15/01 12:00,95.89502535
DB51,4/15/01 12:00,105.5085084
DB61,4/15/01 12:00,112.8666533
DB71,4/15/01 12:00,55.37681542
DB81,4/15/01 12:00,110.0282389
DB10,4/15/01 12:00,56.04685551
DB100,4/15/01 12:00,53.25095188
DB20,4/15/01 12:00,34.67778501
DB30,4/15/01 12:00,35.94608796
DB40,4/15/01 12:00,63.33565742
DB50,4/15/01 12:00,62.2766311
DB60,4/15/01 12:00,22.26509325
DB70,4/15/01 12:00,52.4583696
DB80,4/15/01 12:00,104.2599488
DB90,4/15/01 12:00,50.79358414
DB2,4/15/01 12:00,64.18882375
DB92,4/15/01 12:00,73.61860051
DB12,4/15/01 12:00,112.9466375
DB22,4/15/01 12:00,22.99340848
DB32,4/15/01 12:00,40.80536572
DB42,4/15/01 12:00,32.58601328
DB52,4/15/01 12:00,49.20361975
DB62,4/15/01 12:00,85.83045184
DB72,4/15/01 12:00,67.82399627
DB82,4/15/01 12:00,50.56586425
DB3,4/15/01 12:00,27.77847229
DB93,4/15/01 12:00,39.2882416
DB13,4/15/01 12:00,91.16782449
DB23,4/15/01 12:00,55.1838187
DB33,4/15/01 12:00,26.30653642
DB43,4/15/01 12:00,46.83528743
DB53,4/15/01 12:00,44.70751308
DB63,4/15/01 12:00,122.7854082
DB73,4/15/01 12:00,64.59007697
DB83,4/15/01 12:00,116.4633008
DB4,4/15/01 12:00,107.6788789
DB94,4/15/01 12:00,94.00521365
DB14,4/15/01 12:00,80.29481734
DB24,4/15/01 12:00,91.83101272
DB34,4/15/01 12:00,75.21807393
DB44,4/15/01 12:00,109.8235685
DB54,4/15/01 12:00,23.56333405
DB64,4/15/01 12:00,94.31542533
DB74,4/15/01 12:00,96.99976933
DB84,4/15/01 12:00,83.79625407
DB5,4/15/01 12:00,3.613594748
DB95,4/15/01 12:00,39.51023543
DB15,4/15/01 12:00,38.57845949
DB25,4/15/01 12:00,58.05273163
DB35,4/15/01 12:00,38.58504996
DB45,4/15/01 12:00,55.27146775
DB55,4/15/01 12:00,29.47719133
DB65,4/15/01 12:00,29.87098518
DB75,4/15/01 12:00,17.29486467
DB85,4/15/01 12:00,101.7571355
DB6,4/15/01 12:00,82.66922408
DB96,4/15/01 12:00,77.78092314
DB16,4/15/01 12:00,78.43931513
DB26,4/15/01 12:00,74.32256869
DB36,4/15/01 12:00,46.19153508
DB46,4/15/01 12:00,36.96748506
DB56,4/15/01 12:00,22.84471418
DB66,4/15/01 12:00,38.89391303
DB76,4/15/01 12:00,54.23284107
DB86,4/15/01 12:00,32.40404465
DB7,4/15/01 12:00,94.15176233
DB97,4/15/01 12:00,78.87493966
DB17,4/15/01 12:00,65.59758698
DB27,4/15/01 12:00,94.8393506
DB37,4/15/01 12:00,55.81235924
DB47,4/15/01 12:00,82.78244012
DB57,4/15/01 12:00,83.29037312
DB67,4/15/01 12:00,73.41946109
DB77,4/15/01 12:00,46.76054744
DB87,4/15/01 12:00,85.84929132
DB8,4/15/01 12:00,3.936754385
DB98,4/15/01 12:00,87.05266328
DB18,4/15/01 12:00,32.2380202
DB28,4/15/01 12:00,79.51395882
DB38,4/15/01 12:00,103.0016842
DB48,4/15/01 12:00,15.52651776
DB58,4/15/01 12:00,89.5566785
DB68,4/15/01 12:00,43.71914214
DB78,4/15/01 12:00,68.86385174
DB88,4/15/01 12:00,20.40768711
DB9,4/15/01 12:00,51.39115145
DB99,4/15/01 12:00,98.0569461
DB19,4/15/01 12:00,111.3800862
DB29,4/15/01 12:00,107.363961
DB39,4/15/01 12:00,106.5675817
DB49,4/15/01 12:00,58.31686329
DB59,4/15/01 12:00,70.30629912
DB69,4/15/01 12:00,46.75656681
DB79,4/15/01 12:00,64.59991195
DB89,4/15/01 12:00,105.8304277
DB1,3/16/01 1:30,63.54055118
DB91,3/16/01 1:30,74.9120267
DB11,3/16/01 1:30,44.34871747
DB21,3/16/01 1:30,82.94687622
DB31,3/16/01 1:30,81.89050418
DB41,3/16/01 1:30,89.46503747
DB51,3/16/01 1:30,92.14977282
DB61,3/16/01 1:30,96.04999633
DB71,3/16/01 1:30,57.89389928
DB81,3/16/01 1:30,99.79963936
DB10,3/16/01 1:30,64.44431582
DB100,3/16/01 1:30,50.18943623
DB20,3/16/01 1:30,28.81901457
DB30,3/16/01 1:30,33.88872102
DB40,3/16/01 1:30,58.07044286
DB50,3/16/01 1:30,63.6889362
DB60,3/16/01 1:30,17.74648399
DB70,3/16/01 1:30,65.97257292
DB80,3/16/01 1:30,101.0777437
DB90,3/16/01 1:30,49.89204488
DB2,3/16/01 1:30,62.81071075
DB92,3/16/01 1:30,77.47365086
DB12,3/16/01 1:30,107.6189969
DB22,3/16/01 1:30,25.04389835
DB32,3/16/01 1:30,32.36615226
DB42,3/16/01 1:30,37.43799048
DB52,3/16/01 1:30,45.88764225
DB62,3/16/01 1:30,86.93779613
DB72,3/16/01 1:30,67.14681009
DB82,3/16/01 1:30,36.48738156
DB3,3/16/01 1:30,33.04124537
DB93,3/16/01 1:30,39.2764283
DB13,3/16/01 1:30,89.95722186
DB23,3/16/01 1:30,56.81300515
DB33,3/16/01 1:30,26.98689665
DB43,3/16/01 1:30,37.95351959
DB53,3/16/01 1:30,49.87627201
DB63,3/16/01 1:30,114.624096
DB73,3/16/01 1:30,63.86527014
DB83,3/16/01 1:30,112.2959879
DB4,3/16/01 1:30,115.9816572
DB94,3/16/01 1:30,97.62599484
DB14,3/16/01 1:30,76.71284007
DB24,3/16/01 1:30,89.48837252
DB34,3/16/01 1:30,71.94288954
DB44,3/16/01 1:30,110.0357603
DB54,3/16/01 1:30,23.47747569
DB64,3/16/01 1:30,97.4169181
DB74,3/16/01 1:30,102.43741
DB84,3/16/01 1:30,86.76140303
DB5,3/16/01 1:30,6.807656041
DB95,3/16/01 1:30,41.03583127
DB15,3/16/01 1:30,36.4994631
DB25,3/16/01 1:30,45.81868347
DB35,3/16/01 1:30,27.5732159
DB45,3/16/01 1:30,51.85135642
DB55,3/16/01 1:30,25.49150455
DB65,3/16/01 1:30,23.2505811
DB75,3/16/01 1:30,33.30250244
DB85,3/16/01 1:30,87.92303277
DB6,3/16/01 1:30,82.71472976
DB96,3/16/01 1:30,78.73149858
DB16,3/16/01 1:30,75.00398229
DB26,3/16/01 1:30,59.75583019
DB36,3/16/01 1:30,40.77455916
DB46,3/16/01 1:30,42.9522245
DB56,3/16/01 1:30,19.50063945
DB66,3/16/01 1:30,33.68374772
DB76,3/16/01 1:30,62.14437348
DB86,3/16/01 1:30,38.17573895
DB7,3/16/01 1:30,95.99849325
DB97,3/16/01 1:30,73.65669706
DB17,3/16/01 1:30,70.31561334
DB27,3/16/01 1:30,84.02959169
DB37,3/16/01 1:30,51.30718398
DB47,3/16/01 1:30,70.29688551
DB57,3/16/01 1:30,81.07298601
DB67,3/16/01 1:30,72.93672636
DB77,3/16/01 1:30,40.66907585
DB87,3/16/01 1:30,84.82625397
DB8,3/16/01 1:30,25.14415714
DB98,3/16/01 1:30,94.53978427
DB18,3/16/01 1:30,38.22289738
DB28,3/16/01 1:30,76.03603136
DB38,3/16/01 1:30,93.44158199
DB48,3/16/01 1:30,10.92526356
DB58,3/16/01 1:30,97.50046993
DB68,3/16/01 1:30,41.31253951
DB78,3/16/01 1:30,72.20802967
DB88,3/16/01 1:30,25.8157261
DB9,3/16/01 1:30,52.77996325
DB99,3/16/01 1:30,98.5151237
DB19,3/16/01 1:30,115.208935
DB29,3/16/01 1:30,107.2988626
DB39,3/16/01 1:30,104.039954
DB49,3/16/01 1:30,50.92364976
DB59,3/16/01 1:30,69.50315077
DB69,3/16/01 1:30,31.81050519
DB79,3/16/01 1:30,73.24987223
DB89,3/16/01 1:30,83.43446743
DB1,2/13/01 15:00,60.58930535
DB91,2/13/01 15:00,81.84844948
DB11,2/13/01 15:00,46.25538331
DB21,2/13/01 15:00,78.4221834
DB31,2/13/01 15:00,74.83773296
DB41,2/13/01 15:00,86.61460071
DB51,2/13/01 15:00,99.46091861
DB61,2/13/01 15:00,88.87500533
DB71,2/13/01 15:00,62.78516504
DB81,2/13/01 15:00,109.7892103
DB10,2/13/01 15:00,68.91932521
DB100,2/13/01 15:00,53.20954335
DB20,2/13/01 15:00,37.53441494
DB30,2/13/01 15:00,26.83682681
DB40,2/13/01 15:00,59.22864296
DB50,2/13/01 15:00,66.73140645
DB60,2/13/01 15:00,19.89183006
DB70,2/13/01 15:00,55.30443199
DB80,2/13/01 15:00,105.9417553
DB90,2/13/01 15:00,45.24099173
DB2,2/13/01 15:00,54.44897043
DB92,2/13/01 15:00,79.17429289
DB12,2/13/01 15:00,102.1448658
DB22,2/13/01 15:00,15.53303545
DB32,2/13/01 15:00,41.14108425
DB42,2/13/01 15:00,36.04036619
DB52,2/13/01 15:00,41.5243543
DB62,2/13/01 15:00,83.63504724
DB72,2/13/01 15:00,55.02052817
DB82,2/13/01 15:00,39.97821819
DB3,2/13/01 15:00,27.77773908
DB93,2/13/01 15:00,30.99173389
DB13,2/13/01 15:00,96.15067108
DB23,2/13/01 15:00,49.97999179
DB33,2/13/01 15:00,21.90495967
DB43,2/13/01 15:00,34.47094581
DB53,2/13/01 15:00,43.22761949
DB63,2/13/01 15:00,116.1085561
DB73,2/13/01 15:00,74.13247008
DB83,2/13/01 15:00,113.6130113
DB4,2/13/01 15:00,111.6625388
DB94,2/13/01 15:00,90.95413019
DB14,2/13/01 15:00,70.66458512
DB24,2/13/01 15:00,77.67134151
DB34,2/13/01 15:00,70.47023153
DB44,2/13/01 15:00,103.7392232
DB54,2/13/01 15:00,29.5418572
DB64,2/13/01 15:00,94.49279746
DB74,2/13/01 15:00,93.24658184
DB84,2/13/01 15:00,87.50825008
DB5,2/13/01 15:00,8.015399096
DB95,2/13/01 15:00,24.12172888
DB15,2/13/01 15:00,34.11298108
DB25,2/13/01 15:00,56.46897397
DB35,2/13/01 15:00,25.93244016
DB45,2/13/01 15:00,62.44564563
DB55,2/13/01 15:00,27.34480188
DB65,2/13/01 15:00,31.45308005
DB75,2/13/01 15:00,27.59738877
DB85,2/13/01 15:00,91.07896382
DB6,2/13/01 15:00,92.08125448
DB96,2/13/01 15:00,70.96864441
DB16,2/13/01 15:00,74.91394848
DB26,2/13/01 15:00,65.25794163
DB36,2/13/01 15:00,39.48964356
DB46,2/13/01 15:00,33.1339364
DB56,2/13/01 15:00,6.944563225
DB66,2/13/01 15:00,37.56355463
DB76,2/13/01 15:00,54.27205247
DB86,2/13/01 15:00,28.56389625
DB7,2/13/01 15:00,88.11429335
DB97,2/13/01 15:00,82.353597
DB17,2/13/01 15:00,57.24801952
DB27,2/13/01 15:00,85.83901585
DB37,2/13/01 15:00,60.50874567
DB47,2/13/01 15:00,66.83083646
DB57,2/13/01 15:00,91.26888811
DB67,2/13/01 15:00,70.7416673
DB77,2/13/01 15:00,35.64362746
DB87,2/13/01 15:00,89.42066451
DB8,2/13/01 15:00,9.516579373
DB98,2/13/01 15:00,91.97087989
DB18,2/13/01 15:00,24.27531085
DB28,2/13/01 15:00,74.29128337
DB38,2/13/01 15:00,98.09136061
DB48,2/13/01 15:00,10.06631231
DB58,2/13/01 15:00,92.41210547
DB68,2/13/01 15:00,42.9179845
DB78,2/13/01 15:00,73.68113494
DB88,2/13/01 15:00,14.59903475
DB9,2/13/01 15:00,43.31409098
DB99,2/13/01 15:00,91.71847818
DB19,2/13/01 15:00,105.5438884
DB29,2/13/01 15:00,105.6313886
DB39,2/13/01 15:00,97.05463759
DB49,2/13/01 15:00,46.64023023
DB59,2/13/01 15:00,67.15845929
DB69,2/13/01 15:00,29.98261403
DB79,2/13/01 15:00,61.02348436
DB89,2/13/01 15:00,97.95728407
DB1,1/14/01 4:30,68.04645503
DB91,1/14/01 4:30,69.7229627
DB11,1/14/01 4:30,37.89760577
DB21,1/14/01 4:30,74.69234936
DB31,1/14/01 4:30,74.05515006
DB41,1/14/01 4:30,85.60239685
DB51,1/14/01 4:30,100.3633299
DB61,1/14/01 4:30,95.28052107
DB71,1/14/01 4:30,52.02428861
DB81,1/14/01 4:30,98.32506858
DB10,1/14/01 4:30,60.20685653
DB100,1/14/01 4:30,54.93120369
DB20,1/14/01 4:30,32.06720536
DB30,1/14/01 4:30,27.55982416
DB40,1/14/01 4:30,54.65052167
DB50,1/14/01 4:30,65.52302093
DB60,1/14/01 4:30,18.91973711
DB70,1/14/01 4:30,57.0802047
DB80,1/14/01 4:30,102.760881
DB90,1/14/01 4:30,52.77222135
DB2,1/14/01 4:30,52.89791021
DB92,1/14/01 4:30,74.76245238
DB12,1/14/01 4:30,103.7156063
DB22,1/14/01 4:30,20.26701003
DB32,1/14/01 4:30,21.73672403
DB42,1/14/01 4:30,31.77617826
DB52,1/14/01 4:30,40.70045786
DB62,1/14/01 4:30,89.96880281
DB72,1/14/01 4:30,60.32301859
DB82,1/14/01 4:30,38.62994843
DB3,1/14/01 4:30,23.78655052
DB93,1/14/01 4:30,28.47308599
DB13,1/14/01 4:30,96.91412001
DB23,1/14/01 4:30,46.25567695
DB33,1/14/01 4:30,34.03985424
DB43,1/14/01 4:30,28.77425668
DB53,1/14/01 4:30,39.66931926
DB63,1/14/01 4:30,111.7280457
DB73,1/14/01 4:30,57.88773717
DB83,1/14/01 4:30,108.0634794
DB4,1/14/01 4:30,110.2395252
DB94,1/14/01 4:30,98.16439906
DB14,1/14/01 4:30,73.11734675
DB24,1/14/01 4:30,86.22530098
DB34,1/14/01 4:30,66.76298816
DB44,1/14/01 4:30,98.33646211
DB54,1/14/01 4:30,30.90252183
DB64,1/14/01 4:30,91.33954502
DB74,1/14/01 4:30,97.48197505
DB84,1/14/01 4:30,89.16125724
DB5,1/14/01 4:30,21.60115249
DB95,1/14/01 4:30,32.16646597
DB15,1/14/01 4:30,27.7039058
DB25,1/14/01 4:30,47.61451128
DB35,1/14/01 4:30,24.39245398
DB45,1/14/01 4:30,46.08167568
DB55,1/14/01 4:30,15.95047295
DB65,1/14/01 4:30,28.4334352
DB75,1/14/01 4:30,34.77104592
DB85,1/14/01 4:30,88.70794545
DB6,1/14/01 4:30,81.23372945
DB96,1/14/01 4:30,67.96858997
DB16,1/14/01 4:30,75.76900566
DB26,1/14/01 4:30,62.62058018
DB36,1/14/01 4:30,36.56897788
DB46,1/14/01 4:30,30.81324992
DB56,1/14/01 4:30,10.43230003
DB66,1/14/01 4:30,38.13209464
DB76,1/14/01 4:30,45.689727
DB86,1/14/01 4:30,20.1014873
DB7,1/14/01 4:30,86.52114224
DB97,1/14/01 4:30,69.54364043
DB17,1/14/01 4:30,72.03714978
DB27,1/14/01 4:30,89.87391197
DB37,1/14/01 4:30,59.94584319
DB47,1/14/01 4:30,68.73424797
DB57,1/14/01 4:30,85.09058409
DB67,1/14/01 4:30,68.26201554
DB77,1/14/01 4:30,44.37758983
DB87,1/14/01 4:30,74.72297079
DB8,1/14/01 4:30,9.869954314
DB98,1/14/01 4:30,88.27080416
DB18,1/14/01 4:30,31.3640942
DB28,1/14/01 4:30,74.12633487
DB38,1/14/01 4:30,81.04588813
DB48,1/14/01 4:30,18.14801797
DB58,1/14/01 4:30,92.02958918
DB68,1/14/01 4:30,36.44107733
DB78,1/14/01 4:30,69.99781371
DB88,1/14/01 4:30,19.72566126
DB9,1/14/01 4:30,45.71158193
DB99,1/14/01 4:30,94.24164248
DB19,1/14/01 4:30,109.3961286
DB29,1/14/01 4:30,103.938707
DB39,1/14/01 4:30,93.05783307
DB49,1/14/01 4:30,53.49817773
DB59,1/14/01 4:30,64.44810698
DB69,1/14/01 4:30,26.32022963
DB79,1/14/01 4:30,70.46559232
DB89,1/14/01 4:30,92.35469335
DB1,12/14/00 18:00,56.06470915
DB91,12/14/00 18:00,75.72748354
DB11,12/14/00 18:00,46.96903266
DB21,12/14/00 18:00,66.74449814
DB31,12/14/00 18:00,73.25548625
DB41,12/14/00 18:00,86.18705514
DB51,12/14/00 18:00,91.35870106
DB61,12/14/00 18:00,97.88579063
DB71,12/14/00 18:00,54.28686311
DB81,12/14/00 18:00,108.5534947
DB10,12/14/00 18:00,54.51427562
DB100,12/14/00 18:00,47.31881607
DB20,12/14/00 18:00,28.43081851
DB30,12/14/00 18:00,23.41197354
DB40,12/14/00 18:00,55.82252074
DB50,12/14/00 18:00,61.60271002
DB60,12/14/00 18:00,23.42328982
DB70,12/14/00 18:00,56.56358121
DB80,12/14/00 18:00,94.47287866
DB90,12/14/00 18:00,40.38930307
DB2,12/14/00 18:00,57.42558087
DB92,12/14/00 18:00,60.4102296
DB12,12/14/00 18:00,105.9381152
DB22,12/14/00 18:00,12.39751028
DB32,12/14/00 18:00,33.52079415
DB42,12/14/00 18:00,37.60400057
DB52,12/14/00 18:00,38.00508869
DB62,12/14/00 18:00,73.37173217
DB72,12/14/00 18:00,56.74525474
DB82,12/14/00 18:00,25.3000916
DB3,12/14/00 18:00,23.18745683
DB93,12/14/00 18:00,39.89598183
DB13,12/14/00 18:00,93.57250759
DB23,12/14/00 18:00,41.43782866
DB33,12/14/00 18:00,29.13521154
DB43,12/14/00 18:00,43.42879442
DB53,12/14/00 18:00,41.97774505
DB63,12/14/00 18:00,113.9999238
DB73,12/14/00 18:00,53.19636444
DB83,12/14/00 18:00,100.2991921
DB4,12/14/00 18:00,116.6315758
DB94,12/14/00 18:00,97.22243646
DB14,12/14/00 18:00,70.05115919
DB24,12/14/00 18:00,84.39263658
DB34,12/14/00 18:00,60.97662181
DB44,12/14/00 18:00,103.8269074
DB54,12/14/00 18:00,21.34326819
DB64,12/14/00 18:00,92.74378318
DB74,12/14/00 18:00,86.45754766
DB84,12/14/00 18:00,86.05110669
DB5,12/14/00 18:00,10.07508299
DB95,12/14/00 18:00,22.28165123
DB15,12/14/00 18:00,28.93372149
DB25,12/14/00 18:00,48.48360076
DB35,12/14/00 18:00,27.08523052
DB45,12/14/00 18:00,47.00494203
DB55,12/14/00 18:00,16.13493076
DB65,12/14/00 18:00,17.76817377
DB75,12/14/00 18:00,16.76835462
DB85,12/14/00 18:00,95.18222878
DB6,12/14/00 18:00,75.06142377
DB96,12/14/00 18:00,58.05384865
DB16,12/14/00 18:00,77.13659817
DB26,12/14/00 18:00,61.45247697
DB36,12/14/00 18:00,47.3874153
DB46,12/14/00 18:00,36.06395405
DB56,12/14/00 18:00,4.5181123
DB66,12/14/00 18:00,26.45668219
DB76,12/14/00 18:00,38.85806509
DB86,12/14/00 18:00,19.228863
DB7,12/14/00 18:00,87.67266038
DB97,12/14/00 18:00,67.80800243
DB17,12/14/00 18:00,59.51094165
DB27,12/14/00 18:00,86.98870335
DB37,12/14/00 18:00,57.78587454
DB47,12/14/00 18:00,67.55455088
DB57,12/14/00 18:00,79.55565428
DB67,12/14/00 18:00,66.33904556
DB77,12/14/00 18:00,28.48020222
DB87,12/14/00 18:00,76.68692458
DB8,12/14/00 18:00,16.89779025
DB98,12/14/00 18:00,84.47786263
DB18,12/14/00 18:00,36.76211958
DB28,12/14/00 18:00,70.23837184
DB38,12/14/00 18:00,85.16570154
DB48,12/14/00 18:00,15.10628743
DB58,12/14/00 18:00,84.2267274
DB68,12/14/00 18:00,37.22389781
DB78,12/14/00 18:00,65.46702882
DB88,12/14/00 18:00,18.30687759
DB9,12/14/00 18:00,43.7601653
DB99,12/14/00 18:00,99.08756055
DB19,12/14/00 18:00,106.4491785
DB29,12/14/00 18:00,95.28255053
DB39,12/14/00 18:00,98.50663135
DB49,12/14/00 18:00,61.69709604
DB59,12/14/00 18:00,67.66987135
DB69,12/14/00 18:00,25.60596774
DB79,12/14/00 18:00,61.33241678
DB89,12/14/00 18:00,102.607841
DB1,11/14/00 7:30,54.84716174
DB91,11/14/00 7:30,70.96124883
DB11,11/14/00 7:30,42.10273096
DB21,11/14/00 7:30,69.60570668
DB31,11/14/00 7:30,70.03058533
DB41,11/14/00 7:30,88.79065929
DB51,11/14/00 7:30,89.53621987
DB61,11/14/00 7:30,99.01046847
DB71,11/14/00 7:30,55.74400142
DB81,11/14/00 7:30,95.01733738
DB10,11/14/00 7:30,57.33946955
DB100,11/14/00 7:30,41.0812508
DB20,11/14/00 7:30,36.75162376
DB30,11/14/00 7:30,21.54766752
DB40,11/14/00 7:30,50.19775838
DB50,11/14/00 7:30,54.08723561
DB60,11/14/00 7:30,13.68283993
DB70,11/14/00 7:30,52.48275712
DB80,11/14/00 7:30,100.39889
DB90,11/14/00 7:30,59.23295073
DB2,11/14/00 7:30,58.96675613
DB92,11/14/00 7:30,74.50883747
DB12,11/14/00 7:30,97.81943522
DB22,11/14/00 7:30,9.065809745
DB32,11/14/00 7:30,23.21407766
DB42,11/14/00 7:30,34.93894511
DB52,11/14/00 7:30,35.46253683
DB62,11/14/00 7:30,71.27380867
DB72,11/14/00 7:30,50.09755946
DB82,11/14/00 7:30,32.54127306
DB3,11/14/00 7:30,22.58817386
DB93,11/14/00 7:30,35.27673601
DB13,11/14/00 7:30,90.21740899
DB23,11/14/00 7:30,43.99868354
DB33,11/14/00 7:30,30.59946275
DB43,11/14/00 7:30,19.51417616
DB53,11/14/00 7:30,35.2585705
DB63,11/14/00 7:30,108.8642263
DB73,11/14/00 7:30,58.04327257
DB83,11/14/00 7:30,94.24854367
DB4,11/14/00 7:30,99.84411806
DB94,11/14/00 7:30,85.4160075
DB14,11/14/00 7:30,69.51731716
DB24,11/14/00 7:30,77.40562561
DB34,11/14/00 7:30,61.55288388
DB44,11/14/00 7:30,99.57546775
DB54,11/14/00 7:30,16.94261651
DB64,11/14/00 7:30,85.98585005
DB74,11/14/00 7:30,83.29020526
DB84,11/14/00 7:30,78.35669117
DB5,11/14/00 7:30,-5.896397766
DB95,11/14/00 7:30,16.59343497
DB15,11/14/00 7:30,27.74051997
DB25,11/14/00 7:30,38.58333219
DB35,11/14/00 7:30,18.65346502
DB45,11/14/00 7:30,57.36566139
DB55,11/14/00 7:30,23.1503993
DB65,11/14/00 7:30,22.58655169
DB75,11/14/00 7:30,25.2160402
DB85,11/14/00 7:30,84.76776708
DB6,11/14/00 7:30,76.47958338
DB96,11/14/00 7:30,52.22505255
DB16,11/14/00 7:30,69.08080367
DB26,11/14/00 7:30,57.20561176
DB36,11/14/00 7:30,38.22082094
DB46,11/14/00 7:30,29.81135965
DB56,11/14/00 7:30,4.322825249
DB66,11/14/00 7:30,34.02699738
DB76,11/14/00 7:30,48.81409562
DB86,11/14/00 7:30,17.36332101
DB7,11/14/00 7:30,79.73540973
DB97,11/14/00 7:30,65.04391826
DB17,11/14/00 7:30,62.85002641
DB27,11/14/00 7:30,73.48181165
DB37,11/14/00 7:30,49.79523809
DB47,11/14/00 7:30,74.07942148
DB57,11/14/00 7:30,79.76009121
DB67,11/14/00 7:30,64.59177297
DB77,11/14/00 7:30,32.12090642
DB87,11/14/00 7:30,74.73210274
DB8,11/14/00 7:30,8.867076977
DB98,11/14/00 7:30,82.32930608
DB18,11/14/00 7:30,26.35889536
DB28,11/14/00 7:30,68.75610496
DB38,11/14/00 7:30,83.69458823
DB48,11/14/00 7:30,3.970468538
DB58,11/14/00 7:30,86.57047849
DB68,11/14/00 7:30,45.90944902
DB78,11/14/00 7:30,54.87829227
DB88,11/14/00 7:30,3.887414369
DB9,11/14/00 7:30,32.54638331
DB99,11/14/00 7:30,94.69225569
DB19,11/14/00 7:30,88.07970015
DB29,11/14/00 7:30,103.5176054
DB39,11/14/00 7:30,97.13827059
DB49,11/14/00 7:30,46.4250667
DB59,11/14/00 7:30,65.16993251
DB69,11/14/00 7:30,33.81674577
DB79,11/14/00 7:30,67.62531455
DB89,11/14/00 7:30,87.86270125
DB1,10/14/00 21:00,51.976861
DB91,10/14/00 21:00,65.59675068
DB11,10/14/00 21:00,35.85719029
DB21,10/14/00 21:00,78.80237178
DB31,10/14/00 21:00,69.00347259
DB41,10/14/00 21:00,83.68548533
DB51,10/14/00 21:00,87.86048259
DB61,10/14/00 21:00,86.57272384
DB71,10/14/00 21:00,46.28131127
DB81,10/14/00 21:00,100.269033
DB10,10/14/00 21:00,50.4139513
DB100,10/14/00 21:00,38.17189739
DB20,10/14/00 21:00,28.11216028
DB30,10/14/00 21:00,23.60522248
DB40,10/14/00 21:00,45.43220538
DB50,10/14/00 21:00,59.88727037
DB60,10/14/00 21:00,9.153815788
DB70,10/14/00 21:00,51.90502956
DB80,10/14/00 21:00,98.90646655
DB90,10/14/00 21:00,46.64959196
DB2,10/14/00 21:00,47.98536714
DB92,10/14/00 21:00,66.97659411
DB12,10/14/00 21:00,92.49401112
DB22,10/14/00 21:00,0.618375824
DB32,10/14/00 21:00,27.2252875
DB42,10/14/00 21:00,29.0489232
DB52,10/14/00 21:00,41.99176402
DB62,10/14/00 21:00,82.3893148
DB72,10/14/00 21:00,49.15690584
DB82,10/14/00 21:00,33.02072579
DB3,10/14/00 21:00,23.6602244
DB93,10/14/00 21:00,31.99305713
DB13,10/14/00 21:00,89.05627379
DB23,10/14/00 21:00,42.55560681
DB33,10/14/00 21:00,19.94104888
DB43,10/14/00 21:00,25.42689909
DB53,10/14/00 21:00,38.87038812
DB63,10/14/00 21:00,101.3773562
DB73,10/14/00 21:00,47.88092083
DB83,10/14/00 21:00,98.43993406
DB4,10/14/00 21:00,104.3465124
DB94,10/14/00 21:00,92.53460455
DB14,10/14/00 21:00,69.69255534
DB24,10/14/00 21:00,73.09239506
DB34,10/14/00 21:00,53.9917615
DB44,10/14/00 21:00,93.55496986
DB54,10/14/00 21:00,22.73603546
DB64,10/14/00 21:00,86.56751112
DB74,10/14/00 21:00,88.20048257
DB84,10/14/00 21:00,84.23719983
DB5,10/14/00 21:00,4.919985959
DB95,10/14/00 21:00,15.1878238
DB15,10/14/00 21:00,11.35274848
DB25,10/14/00 21:00,40.56769973
DB35,10/14/00 21:00,15.87375102
DB45,10/14/00 21:00,49.56950399
DB55,10/14/00 21:00,21.13997019
DB65,10/14/00 21:00,14.67301148
DB75,10/14/00 21:00,18.53300292
DB85,10/14/00 21:00,93.41917307
DB6,10/14/00 21:00,80.14851209
DB96,10/14/00 21:00,60.01584592
DB16,10/14/00 21:00,75.62453681
DB26,10/14/00 21:00,55.70781748
DB36,10/14/00 21:00,36.91026143
DB46,10/14/00 21:00,29.70460498
DB56,10/14/00 21:00,7.15550023
DB66,10/14/00 21:00,26.88262426
DB76,10/14/00 21:00,42.31116
DB86,10/14/00 21:00,20.52383511
DB7,10/14/00 21:00,76.59811727
DB97,10/14/00 21:00,58.10937737
DB17,10/14/00 21:00,51.75283256
DB27,10/14/00 21:00,83.66131782
DB37,10/14/00 21:00,49.27952668
DB47,10/14/00 21:00,62.97989343
DB57,10/14/00 21:00,72.46869174
DB67,10/14/00 21:00,68.90282193
DB77,10/14/00 21:00,28.64302418
DB87,10/14/00 21:00,66.71986988
DB8,10/14/00 21:00,4.635334931
DB98,10/14/00 21:00,80.06874047
DB18,10/14/00 21:00,33.17226305
DB28,10/14/00 21:00,67.88406247
DB38,10/14/00 21:00,86.07174505
DB48,10/14/00 21:00,6.547383231
DB58,10/14/00 21:00,96.13835487
DB68,10/14/00 21:00,26.42171323
DB78,10/14/00 21:00,59.80368573
DB88,10/14/00 21:00,16.07837229
DB9,10/14/00 21:00,26.13816398
DB99,10/14/00 21:00,99.3980063
DB19,10/14/00 21:00,96.5053891
DB29,10/14/00 21:00,98.04561964
DB39,10/14/00 21:00,98.42005067
DB49,10/14/00 21:00,51.55958616
DB59,10/14/00 21:00,60.90635649
DB69,10/14/00 21:00,24.6258115
DB79,10/14/00 21:00,62.12560445
DB89,10/14/00 21:00,85.18038602
DB1,9/14/00 10:30,44.03839764
DB91,9/14/00 10:30,67.38176218
DB11,9/14/00 10:30,37.36483229
DB21,9/14/00 10:30,57.21729222
DB31,9/14/00 10:30,59.86057992
DB41,9/14/00 10:30,76.82545535
DB51,9/14/00 10:30,85.77117217
DB61,9/14/00 10:30,89.39162587
DB71,9/14/00 10:30,51.07469452
DB81,9/14/00 10:30,98.66635162
DB10,9/14/00 10:30,49.02547368
DB100,9/14/00 10:30,34.55339058
DB20,9/14/00 10:30,37.56132711
DB30,9/14/00 10:30,24.13978186
DB40,9/14/00 10:30,49.33955752
DB50,9/14/00 10:30,48.24744204
DB60,9/14/00 10:30,10.29652052
DB70,9/14/00 10:30,49.27373807
DB80,9/14/00 10:30,100.4936806
DB90,9/14/00 10:30,47.00859995
DB2,9/14/00 10:30,55.37787956
DB92,9/14/00 10:30,59.9016713
DB12,9/14/00 10:30,92.66432154
DB22,9/14/00 10:30,4.827603156
DB32,9/14/00 10:30,18.92580015
DB42,9/14/00 10:30,22.0392744
DB52,9/14/00 10:30,34.68897176
DB62,9/14/00 10:30,78.96003005
DB72,9/14/00 10:30,58.41998996
DB82,9/14/00 10:30,20.90075175
DB3,9/14/00 10:30,13.44242647
DB93,9/14/00 10:30,32.11100595
DB13,9/14/00 10:30,90.12414971
DB23,9/14/00 10:30,40.07928583
DB33,9/14/00 10:30,21.85707595
DB43,9/14/00 10:30,27.20520856
DB53,9/14/00 10:30,41.4967662
DB63,9/14/00 10:30,97.3321544
DB73,9/14/00 10:30,44.20086167
DB83,9/14/00 10:30,91.54485319
DB4,9/14/00 10:30,101.7724254
DB94,9/14/00 10:30,85.690547
DB14,9/14/00 10:30,76.57714288
DB24,9/14/00 10:30,83.45757607
DB34,9/14/00 10:30,57.5802306
DB44,9/14/00 10:30,106.4937015
DB54,9/14/00 10:30,8.264891817
DB64,9/14/00 10:30,82.09047996
DB74,9/14/00 10:30,69.22131976
DB84,9/14/00 10:30,76.45258454
DB5,9/14/00 10:30,8.059978732
DB95,9/14/00 10:30,18.85497103
DB15,9/14/00 10:30,21.69340034
DB25,9/14/00 10:30,46.2463086
DB35,9/14/00 10:30,16.09118069
DB45,9/14/00 10:30,34.8887749
DB55,9/14/00 10:30,13.27374339
DB65,9/14/00 10:30,25.59483754
DB75,9/14/00 10:30,29.70523551
DB85,9/14/00 10:30,91.83125655
DB6,9/14/00 10:30,77.77965825
DB96,9/14/00 10:30,57.69211185
DB16,9/14/00 10:30,73.88517659
DB26,9/14/00 10:30,51.58028327
DB36,9/14/00 10:30,33.01349047
DB46,9/14/00 10:30,25.61554282
DB56,9/14/00 10:30,-9.70999016
DB66,9/14/00 10:30,12.17324559
DB76,9/14/00 10:30,41.88111
DB86,9/14/00 10:30,11.90197185
DB7,9/14/00 10:30,87.74702863
DB97,9/14/00 10:30,62.00894844
DB17,9/14/00 10:30,54.44402989
DB27,9/14/00 10:30,78.80766074
DB37,9/14/00 10:30,45.61340941
DB47,9/14/00 10:30,52.5106121
DB57,9/14/00 10:30,58.40219853
DB67,9/14/00 10:30,63.19061332
DB77,9/14/00 10:30,25.37027224
DB87,9/14/00 10:30,67.5935475
DB8,9/14/00 10:30,8.356173231
DB98,9/14/00 10:30,76.57521235
DB18,9/14/00 10:30,24.51762257
DB28,9/14/00 10:30,69.98067664
DB38,9/14/00 10:30,78.33306572
DB48,9/14/00 10:30,-6.615106603
DB58,9/14/00 10:30,81.20386786
DB68,9/14/00 10:30,26.55564283
DB78,9/14/00 10:30,62.71406506
DB88,9/14/00 10:30,11.90356621
DB9,9/14/00 10:30,39.3886372
DB99,9/14/00 10:30,84.12470781
DB19,9/14/00 10:30,97.01263375
DB29,9/14/00 10:30,95.44329349
DB39,9/14/00 10:30,92.25216785
DB49,9/14/00 10:30,43.76379007
DB59,9/14/00 10:30,68.24074694
DB69,9/14/00 10:30,25.59174109
DB79,9/14/00 10:30,64.98974495
DB89,9/14/00 10:30,79.39623221
DB1,8/15/00 0:00,48.42210182
DB91,8/15/00 0:00,69.19679138
DB11,8/15/00 0:00,32.67873965
DB21,8/15/00 0:00,64.40054156
DB31,8/15/00 0:00,62.22809075
DB41,8/15/00 0:00,70.22502292
DB51,8/15/00 0:00,75.85270504
DB61,8/15/00 0:00,78.25214766
DB71,8/15/00 0:00,45.11511142
DB81,8/15/00 0:00,97.34011835
DB10,8/15/00 0:00,48.46559327
DB100,8/15/00 0:00,39.53851663
DB20,8/15/00 0:00,18.13439409
DB30,8/15/00 0:00,32.67925521
DB40,8/15/00 0:00,49.09323033
DB50,8/15/00 0:00,47.85112424
DB60,8/15/00 0:00,7.354679965
DB70,8/15/00 0:00,35.34121797
DB80,8/15/00 0:00,88.64684289
DB90,8/15/00 0:00,37.25496799
DB2,8/15/00 0:00,46.67916355
DB92,8/15/00 0:00,75.05004405
DB12,8/15/00 0:00,96.63787361
DB22,8/15/00 0:00,12.6122306
DB32,8/15/00 0:00,22.09829382
DB42,8/15/00 0:00,25.26399013
DB52,8/15/00 0:00,29.59526185
DB62,8/15/00 0:00,72.22502799
DB72,8/15/00 0:00,51.09047763
DB82,8/15/00 0:00,31.62479154
DB3,8/15/00 0:00,17.62580668
DB93,8/15/00 0:00,34.50360358
DB13,8/15/00 0:00,80.29416004
DB23,8/15/00 0:00,43.02811441
DB33,8/15/00 0:00,10.30222625
DB43,8/15/00 0:00,22.89734639
DB53,8/15/00 0:00,38.19172912
DB63,8/15/00 0:00,103.5918167
DB73,8/15/00 0:00,43.52268332
DB83,8/15/00 0:00,97.25054241
DB4,8/15/00 0:00,102.7823156
DB94,8/15/00 0:00,81.00465029
DB14,8/15/00 0:00,66.31700872
DB24,8/15/00 0:00,62.66684744
DB34,8/15/00 0:00,36.37029565
DB44,8/15/00 0:00,94.3380522
DB54,8/15/00 0:00,12.57539125
DB64,8/15/00 0:00,75.78964974
DB74,8/15/00 0:00,86.74907345
DB84,8/15/00 0:00,76.71732626
DB5,8/15/00 0:00,1.987619772
DB95,8/15/00 0:00,21.69303039
DB15,8/15/00 0:00,18.14001863
DB25,8/15/00 0:00,48.14966219
DB35,8/15/00 0:00,21.82311691
DB45,8/15/00 0:00,37.1890028
DB55,8/15/00 0:00,10.02390155
DB65,8/15/00 0:00,15.51419896
DB75,8/15/00 0:00,12.15613169
DB85,8/15/00 0:00,79.96382755
DB6,8/15/00 0:00,72.60006501
DB96,8/15/00 0:00,46.65632485
DB16,8/15/00 0:00,55.23879854
DB26,8/15/00 0:00,54.04203044
DB36,8/15/00 0:00,23.4281238
DB46,8/15/00 0:00,30.24540012
DB56,8/15/00 0:00,4.393805799
DB66,8/15/00 0:00,26.56633817
DB76,8/15/00 0:00,46.94718398
DB86,8/15/00 0:00,18.12459771
DB7,8/15/00 0:00,85.11059113
DB97,8/15/00 0:00,72.59445782
DB17,8/15/00 0:00,46.19137392
DB27,8/15/00 0:00,71.38182774
DB37,8/15/00 0:00,40.79925298
DB47,8/15/00 0:00,62.46202697
DB57,8/15/00 0:00,71.58080976
DB67,8/15/00 0:00,65.15176582
DB77,8/15/00 0:00,24.6723861
DB87,8/15/00 0:00,63.97823441
DB8,8/15/00 0:00,8.227563642
DB98,8/15/00 0:00,80.10210723
DB18,8/15/00 0:00,18.66206921
DB28,8/15/00 0:00,58.87370635
DB38,8/15/00 0:00,87.33877548
DB48,8/15/00 0:00,-4.316216692
DB58,8/15/00 0:00,86.24764769
DB68,8/15/00 0:00,32.28670417
DB78,8/15/00 0:00,57.01532134
DB88,8/15/00 0:00,3.378889185
DB9,8/15/00 0:00,28.678478
DB99,8/15/00 0:00,86.2968533
DB19,8/15/00 0:00,99.84448606
DB29,8/15/00 0:00,90.28619151
DB39,8/15/00 0:00,95.24352984
DB49,8/15/00 0:00,46.38038153
DB59,8/15/00 0:00,54.8195964
DB69,8/15/00 0:00,15.32522151
DB79,8/15/00 0:00,52.00243637
DB89,8/15/00 0:00,84.67246692